Title,cvakb,cvakb1,bvr0c,bvr0c2,bvr0c3,_7udzz,,,,,,
2020 KIA SELTOS,GTX + AT PETROL Automatic,Automatic,"8,241 km",1st Owner,Petrol,"?18,95,199",,,,,,
2020 Maruti Swift,LXI Manual,Manual,"10,568 km",1st Owner,Petrol,"?5,92,499",,,,,,
2019 Maruti Swift,LXI Manual,Manual,"27,659 km",1st Owner,Petrol,"?5,33,399",,,,,,
2020 KIA SELTOS,HTX 1.5 PETROL MT Manual,Manual,"32,799 km",1st Owner,Petrol,"?13,83,099",,,,,,
2014 Mercedes Benz C Class,C 200 AVANTGARDE Automatic,Automatic,"37,531 km",1st Owner,Petrol,"?20,33,499",,,,,,
2021 Renault Kiger,RXZ 1.0 MT DUAL TONE ,,"14,474 km",2nd Owner,Petrol,"?8,23,199",,,,,,
2013 Hyundai i10,ERA 1.1 IRDE Manual,Manual,"37,928 km",1st Owner,Petrol,"?2,71,699",,,,,,
2014 Honda City,VX MT PETROL Manual,Manual,"61,168 km",2nd Owner,Petrol,"?6,58,499",,,,,,
2022 MG ASTOR,SHARP (O) 1.5 CVT IVORY AUTOMATIC,AUTOMATIC,"2,091 km",1st Owner,Petrol,"?17,67,999",,,,,,
2019 KIA SELTOS,HTK PLUS 1.5 DIESEL Manual,Manual,"25,067 km",1st Owner,Diesel,"?13,07,499",,,,,,
2021 Renault Kwid,1.0 RXT Opt Manual,Manual,368 km,1st Owner,Petrol,"?5,05,099",,,,,,
2020 Hyundai NEW SANTRO,1.1 ERA EXICUTIVE Manual,Manual,"3,812 km",2nd Owner,Petrol,"?4,71,599",,,,,,
2021 Tata ALTROZ,XM+ 1.2 RTN ,,"7,416 km",1st Owner,Petrol,"?7,20,176",,,,,,
2021 Maruti Swift,LXI Manual,Manual,"5,078 km",1st Owner,Petrol,"?6,11,299",,,,,,
2013 Jaguar XF,2.2 DIESEL Automatic,Automatic,"28,909 km",2nd Owner,Diesel,"?15,49,999",,,,,,
2019 KIA SELTOS,GTX + AT PETROL Automatic,Automatic,"37,357 km",1st Owner,Petrol,"?16,59,099",,,,,,
2018 Maruti Dzire,LXI Manual,Manual,"25,788 km",1st Owner,Petrol,"?5,42,299",,,,,,
2017 Honda WR-V,1.2 i-VTEC VX MT Manual,Manual,"17,511 km",1st Owner,Petrol,"?7,79,899",,,,,,
2021 Tata ALTROZ,XE 1.2 Manual,Manual,"7,472 km",1st Owner,Petrol,"?6,41,999",,,,,,
2020 Maruti Baleno,SIGMA 1.2 K12 Manual,Manual,"8,966 km",1st Owner,Petrol,"?6,03,599",,,,,,
2022 Nissan MAGNITE,XL Turbo MT ,,"5,306 km",1st Owner,Petrol,"?8,43,099",,,,,,
2011 Hyundai i10,MAGNA 1.2 KAPPA2 Manual,Manual,"72,229 km",1st Owner,Petrol,"?2,82,899",,,,,,
2022 Tata ALTROZ,XZ 1.2 Manual,Manual,"1,086 km",1st Owner,Petrol,"?8,61,699",,,,,,
2014 Hyundai i10,MAGNA 1.1 IRDE2 Manual,Manual,"41,439 km",2nd Owner,Petrol,"?3,49,399",,,,,,
2021 Renault Kiger,RXT 1.0 AMT Automatic,Automatic,"5,972 km",1st Owner,Petrol,"?8,30,299",,,,,,
2009 Hyundai i10,ERA 1.1 IRDE Manual,Manual,"21,723 km",1st Owner,Petrol,"?2,10,249",,,,,,
2014 Maruti Alto 800,VXI Manual,Manual,"28,210 km",1st Owner,Petrol,"?2,70,299",,,,,,
2010 Maruti Alto,LXI Manual,Manual,"48,001 km",2nd Owner,Petrol,"?1,70,299",,,,,,
2020 MG HECTOR PLUS,SHARP DCT ,,"3,483 km",1st Owner,Petrol,"?18,90,299",,,,,,
2009 Hyundai i10,ERA 1.1 IRDE Manual,Manual,"44,327 km",1st Owner,Petrol,"?1,99,699",,,,,,
2019 Jeep Compass,1.4 SPORT PETROL Manual,Manual,"42,490 km",2nd Owner,Petrol,"?13,76,149",,,,,,
2020 Maruti Celerio,VXI Manual,Manual,"14,065 km",1st Owner,Petrol,"?4,77,299",,,,,,
2020 KIA SELTOS,HTK 1.5 PETROL Manual,Manual,"32,873 km",1st Owner,Petrol,"?11,89,899",,,,,,
2020 Hyundai Grand i10,MAGNA 1.2 VTVT Manual,Manual,"6,470 km",1st Owner,Petrol,"?6,08,399",,,,,,
2020 MG HECTOR PLUS,SHARP HYBRID PETROL Manual,Manual,"12,185 km",2nd Owner,Petrol,"?18,48,299",,,,,,
2021 Datsun Redi Go,T (O) Manual,Manual,"13,021 km",1st Owner,Petrol,"?4,63,499",,,,,,
2014 Nissan Micra,XE DIESEL Manual,Manual,"63,753 km",1st Owner,Diesel,"?2,75,299",,,,,,
2019 Jeep Compass,1.4  LONGITUDE (O) AT Automatic,Automatic,"23,327 km",1st Owner,Petrol,"?20,12,799",,,,,,
2019 Jeep Compass,2.0 LIMITED Manual,Manual,"46,860 km",1st Owner,Diesel,"?19,41,699",,,,,,
2021 Toyota URBAN CRUISER,HIGH AT ,,"6,724 km",1st Owner,Petrol,"?11,83,499",,,,,,
2016 Hyundai Grand i10,SPORTZ 1.2 KAPPA VTVT Manual,Manual,"16,157 km",1st Owner,Petrol,"?4,65,199",,,,,,
2018 Hyundai Verna,1.6 CRDI SX + AT Automatic,Automatic,"33,499 km",1st Owner,Diesel,"?11,49,399",,,,,,
2012 Maruti Swift,ZXI Manual,Manual,"13,159 km",1st Owner,Petrol,"?4,12,099",,,,,,
2015 Hyundai Elite i20,SPORTZ 1.2 Manual,Manual,"25,414 km",1st Owner,Petrol,"?5,30,099",,,,,,
2017 Honda City,SV MT PETROL Manual,Manual,"58,689 km",1st Owner,Petrol,"?7,32,399",,,,,,
2012 Hyundai i10,SPORTZ 1.2 KAPPA2 Manual,Manual,"54,800 km",1st Owner,Petrol,"?2,57,999",,,,,,
2016 Nissan Micra,XV CVT Automatic,Automatic,"8,096 km",1st Owner,Petrol,"?4,76,399",,,,,,
2021 KIA SONET,GTX PLUS 1.5D  AT ,,"38,187 km",1st Owner,Diesel,"?13,89,299",,,,,,
2020 Renault Kwid,1.0 RXT Opt Manual,Manual,"10,572 km",2nd Owner,Petrol,"?4,52,199",,,,,,
2014 Maruti Celerio,VXI AMT Automatic,Automatic,"41,822 km",3rd Owner,Petrol,"?3,39,599",,,,,,
2020 KIA SONET,GTX + 1.0 IMT ,,"19,359 km",1st Owner,Petrol,"?13,14,099",,,,,,
2020 Hyundai Creta,1.5 SX (O) AT Automatic,Automatic,"16,315 km",1st Owner,Petrol,"?17,55,399",,,,,,
2021 Nissan MAGNITE,XV MT PETROL ,,"15,844 km",1st Owner,Petrol,"?7,07,999",,,,,,
2021 Nissan MAGNITE,XL Turbo MT ,,"13,713 km",1st Owner,Petrol,"?8,41,249",,,,,,
2014 Maruti Wagon R 1.0,LXI Manual,Manual,"59,277 km",1st Owner,Petrol,"?3,42,699",,,,,,
2019 MG HECTOR,SHARP DCT PETROL Automatic,Automatic,"9,378 km",1st Owner,Petrol,"?17,94,899",,,,,,
2020 Maruti IGNIS,SIGMA 1.2 K12 Manual,Manual,"15,199 km",1st Owner,Petrol,"?5,06,599",,,,,,
2020 KIA SELTOS,HTK PLUS AT 1.5 DIESEL Automatic,Automatic,"33,981 km",2nd Owner,Diesel,"?14,65,299",,,,,,
2015 Volkswagen Polo,GT TSI 1.2 PETROL AT Automatic,Automatic,"36,483 km",1st Owner,Petrol,"?6,08,199",,,,,,
2019 Maruti Swift,VXI Manual,Manual,"35,953 km",1st Owner,Petrol,"?6,03,299",,,,,,
2013 Hyundai Verna,FLUIDIC 1.6 SX VTVT OPT AT Automatic,Automatic,"60,368 km",2nd Owner,Petrol,"?5,23,299",,,,,,
2018 Maruti Alto K10,VXI Manual,Manual,"2,920 km",1st Owner,Petrol,"?4,08,999",,,,,,
2014 Honda City,V MT PETROL Manual,Manual,"83,263 km",1st Owner,Petrol,"?5,49,799",,,,,,
2021 Renault Kwid,1.0 RXT Opt Manual,Manual,"2,863 km",1st Owner,Petrol,"?4,73,299",,,,,,
2020 KIA SELTOS,HTX+ AT 1.5 DIESEL Automatic,Automatic,"32,605 km",2nd Owner,Diesel,"?15,39,699",,,,,,
2016 Hyundai Elite i20,MAGNA 1.2 Manual,Manual,"20,452 km",2nd Owner,Petrol,"?4,94,199",,,,,,
2019 Hyundai Grand i10,SPORTZ 1.2 KAPPA VTVT Manual,Manual,"21,043 km",1st Owner,Petrol,"?5,40,599",,,,,,
2011 Hyundai i10,MAGNA 1.1 IRDE2 Manual,Manual,"61,943 km",1st Owner,Petrol,"?2,59,399",,,,,,
2021 Maruti Vitara Brezza,VXI Manual,Manual,"9,236 km",1st Owner,Petrol,"?8,79,499",,,,,,
2013 BMW X3,XDRIVE 20D Automatic,Automatic,"71,180 km",2nd Owner,Diesel,"?11,26,499",,,,,,
2021 Renault Kiger,RXZ 1.0 TURBO MT ,,"7,733 km",1st Owner,Petrol,"?9,01,699",,,,,,
2021 Maruti Celerio,ZXI AMT Automatic,Automatic,"9,278 km",1st Owner,Petrol,"?6,07,599",,,,,,
2013 Hyundai i20,ERA 1.4 CRDI Manual,Manual,"30,354 km",1st Owner,Diesel,"?3,06,299",,,,,,
2016 Honda Jazz,1.2 S AT Automatic,Automatic,"48,225 km",2nd Owner,Petrol,"?5,26,999",,,,,,
2018 Volkswagen Polo,GT TSI 1.2 PETROL AT Automatic,Automatic,"96,751 km",1st Owner,Petrol,"?7,47,899",,,,,,
2013 Hyundai i20,MAGNA O 1.2 Manual,Manual,"59,194 km",2nd Owner,Petrol,"?3,42,799",,,,,,
2015 Honda Jazz,1.2 VX I-VTECH Manual,Manual,"28,170 km",1st Owner,Petrol,"?5,43,799",,,,,,
2019 Maruti Swift,VXI AMT Automatic,Automatic,"45,067 km",2nd Owner,Petrol,"?6,22,999",,,,,,
2019 Maruti Baleno,DELTA 1.2 K12 Manual,Manual,"12,452 km",2nd Owner,Petrol,"?6,68,599",,,,,,
2021 Toyota URBAN CRUISER,PREMIUM MT ,,"18,042 km",2nd Owner,Petrol,"?10,29,499",,,,,,
2020 Honda City,VX MT PETROL Manual,Manual,"7,632 km",1st Owner,Petrol,"?12,97,699",,,,,,
2020 Maruti New  Wagon-R,ZXI 1.2 Manual,Manual,"12,418 km",1st Owner,Petrol,"?6,08,599",,,,,,
2021 Renault Kwid,1.0 RXT Opt AT Automatic,Automatic,"35,187 km",1st Owner,Petrol,"?5,00,799",,,,,,
2021 KIA SONET,GTX PLUS 1.5D  MT ,,"14,458 km",1st Owner,Diesel,"?15,44,149",,,,,,
2010 Maruti Alto,LXI Manual,Manual,"55,163 km",1st Owner,Petrol,"?1,88,099",,,,,,
2014 Honda City,SV MT PETROL Manual,Manual,"20,567 km",2nd Owner,Petrol,"?5,99,249",,,,,,
2021 Maruti Alto,LXI OPT Manual,Manual,"2,229 km",1st Owner,Petrol,"?4,28,399",,,,,,
2018 Honda City,V MT PETROL Manual,Manual,"68,366 km",1st Owner,Petrol,"?8,15,699",,,,,,
2021 Hyundai VENUE,S MT 1.2 KAPPA Manual,Manual,"15,263 km",1st Owner,Petrol,"?8,34,099",,,,,,
2015 Hyundai i10,MAGNA 1.1 IRDE2 Manual,Manual,"72,272 km",2nd Owner,Petrol,"?3,30,899",,,,,,
2019 Datsun Redi Go,A Manual,Manual,"27,411 km",1st Owner,Petrol,"?3,28,049",,,,,,
2018 Jeep Compass,2.0 LONGITUDE Manual,Manual,"72,575 km",1st Owner,Diesel,"?12,04,299",,,,,,
2018 Honda Amaze,1.2 S (O) MT I VTEC Manual,Manual,"58,093 km",2nd Owner,Petrol,"?5,06,299",,,,,,
2019 Tata NEXON,XMA 1.2 Automatic,Automatic,"28,467 km",1st Owner,Petrol,"?7,87,499",,,,,,
2020 Honda City,V MT PETROL Manual,Manual,"4,216 km",1st Owner,Petrol,"?10,96,749",,,,,,
2020 Maruti Baleno,SIGMA 1.2 K12 Manual,Manual,"36,041 km",1st Owner,Petrol,"?5,51,299",,,,,,
2017 Maruti Dzire,VXI Manual,Manual,"18,949 km",1st Owner,Petrol,"?6,31,299",,,,,,
2017 Maruti Vitara Brezza,VDI OPT Manual,Manual,"28,496 km",2nd Owner,Diesel,"?6,47,599",,,,,,
2018 Honda Amaze,1.5 VXMT I DTEC Manual,Manual,"52,220 km",1st Owner,Diesel,"?6,92,849",,,,,,
2019 Honda Amaze,1.2 V CVT I VTEC Automatic,Automatic,"13,291 km",2nd Owner,Petrol,"?7,88,399",,,,,,
2021 Maruti New  Wagon-R,1.0 Lxi (o) cng Manual,Manual,"34,542 km",1st Owner,Petrol + CNG,"?6,83,199",,,,,,
2019 Tata Tiago,XZA 1.2 REVOTRON Automatic,Automatic,"13,291 km",1st Owner,Petrol,"?5,34,099",,,,,,
2020 Maruti Celerio,VXI AMT Automatic,Automatic,"10,515 km",1st Owner,Petrol,"?5,74,699",,,,,,
2011 Honda City,S MT PETROL Manual,Manual,"52,035 km",1st Owner,Petrol,"?3,72,999",,,,,,
2019 Renault Kwid,1.0 RXT Opt Manual,Manual,"50,466 km",1st Owner,Petrol,"?4,14,699",,,,,,
2020 Honda City,VX MT PETROL Manual,Manual,"6,873 km",1st Owner,Petrol,"?12,84,799",,,,,,
2018 Renault Kwid,RXL Manual,Manual,"19,927 km",1st Owner,Petrol,"?3,54,799",,,,,,
2020 Maruti New  Wagon-R,ZXI 1.2 Manual,Manual,"10,777 km",1st Owner,Petrol,"?6,08,599",,,,,,
2017 Maruti Vitara Brezza,ZDI PLUS DUAL TONE Manual,Manual,"38,072 km",1st Owner,Diesel,"?7,88,599",,,,,,
2018 Maruti Wagon R 1.0,VXI AMT Automatic,Automatic,"15,854 km",1st Owner,Petrol,"?5,10,899",,,,,,
2018 Renault Kwid,1.0 RXL Manual,Manual,"42,535 km",1st Owner,Petrol,"?3,32,399",,,,,,
2016 Hyundai Grand i10,SPORTZ 1.2 KAPPA VTVT Manual,Manual,"19,575 km",1st Owner,Petrol,"?4,85,599",,,,,,
2019 Tata Tiago,XE 1.2 REVOTRON Manual,Manual,"14,201 km",1st Owner,Petrol,"?4,60,599",,,,,,
2010 Honda City,S MT PETROL Manual,Manual,"39,565 km",1st Owner,Petrol,"?3,91,699",,,,,,
2019 Renault Kwid,1.0 RXT Opt Manual,Manual,"31,621 km",1st Owner,Petrol,"?4,20,299",,,,,,
2019 MG HECTOR,SHARP DCT PETROL Automatic,Automatic,"12,283 km",1st Owner,Petrol,"?16,65,399",,,,,,
2021 Tata Tiago,XTA 1.2 PETROL Automatic,Automatic,"6,990 km",1st Owner,Petrol,"?6,84,599",,,,,,
2016 Maruti Baleno,DELTA 1.2 K12 AT Automatic,Automatic,"26,314 km",2nd Owner,Petrol,"?5,27,799",,,,,,
2019 Mahindra XUV 3OO,1.5 W6 MT Manual,Manual,"23,806 km",1st Owner,Diesel,"?9,17,399",,,,,,
2021 Maruti Alto,LXI Manual,Manual,"2,303 km",1st Owner,Petrol,"?3,84,399",,,,,,
2015 Maruti Swift,VDI ABS Manual,Manual,"46,245 km",1st Owner,Diesel,"?4,32,499",,,,,,
2018 Maruti Swift,VXI AMT Automatic,Automatic,"34,110 km",1st Owner,Petrol,"?6,26,699",,,,,,
2018 Renault Kwid,RXL Manual,Manual,"55,187 km",2nd Owner,Petrol,"?3,21,799",,,,,,
2022 Tata ALTROZ,XZ 1.2 Manual,Manual,"9,734 km",1st Owner,Petrol,"?8,22,499",,,,,,
2016 Hyundai Verna,FLUIDIC 1.6 VTVT SX AT Automatic,Automatic,"13,728 km",2nd Owner,Petrol,"?7,13,499",,,,,,
2021 Tata ALTROZ,XZ 1.2 Manual,Manual,"10,789 km",1st Owner,Petrol,"?8,04,899",,,,,,
2021 Mahindra Thar,LX  4WD AT CONVERTIBLE Automatic,Automatic,"4,222 km",1st Owner,Petrol,"?16,96,099",,,,,,
2019 Maruti Alto,VXI Manual,Manual,"13,818 km",2nd Owner,Petrol,"?3,91,299",,,,,,
2019 Maruti Baleno,DELTA 1.2 K12 Manual,Manual,"24,539 km",1st Owner,Petrol,"?6,71,599",,,,,,
2018 Jeep Compass,2.0 LIMITED Manual,Manual,"55,714 km",1st Owner,Diesel,"?12,61,299",,,,,,
2021 Renault TRIBER,1.0 RXZ Manual,Manual,"1,599 km",1st Owner,Petrol,"?7,86,899",,,,,,
2017 Hyundai Grand i10,SPORTZ (O) 1.2 AT VTVT Automatic,Automatic,"16,636 km",1st Owner,Petrol,"?5,86,499",,,,,,
2018 Ford Figo Aspire,1.2 TITANIUM PETROL Manual,Manual,"33,815 km",1st Owner,Petrol,"?5,68,299",,,,,,
2018 Hyundai Elite i20,Magna Executive 1.2 Manual,Manual,"15,702 km",1st Owner,Petrol,"?5,81,799",,,,,,
2018 Tata TIGOR,XZ 1.2 REVOTRON OPT Manual,Manual,"34,014 km",1st Owner,Petrol,"?5,34,499",,,,,,
2019 Renault Kwid,RXL Manual,Manual,"35,525 km",2nd Owner,Petrol,"?3,50,499",,,,,,
2022 Maruti S PRESSO,VXI AGS Automatic,Automatic,244 km,1st Owner,Petrol,"?5,67,399",,,,,,
2021 Maruti Ciaz,ALPHA 1.5 MT VTVT SHVS Manual,Manual,"4,708 km",1st Owner,Petrol,"?11,33,599",,,,,,
2020 Maruti Baleno,DELTA 1.2 K12 Manual,Manual,"4,260 km",1st Owner,Petrol,"?7,25,599",,,,,,
2019 Hyundai Creta,1.6 VTVT SX AUTO Automatic,Automatic,"26,097 km",2nd Owner,Petrol,"?13,53,699",,,,,,
2013 Hyundai i20,SPORTZ 1.4 CRDI Manual,Manual,"65,005 km",1st Owner,Diesel,"?3,36,499",,,,,,
2017 Honda WR-V,1.2 i-VTEC VX MT Manual,Manual,"51,606 km",2nd Owner,Petrol,"?7,15,999",,,,,,
2020 Tata ALTROZ,XZ 1.2 Manual,Manual,"13,937 km",1st Owner,Petrol,"?8,27,999",,,,,,
2016 Honda Amaze,1.2 SAT I VTEC Automatic,Automatic,"48,381 km",2nd Owner,Petrol,"?5,38,599",,,,,,
2020 Toyota YARIS,G CVT Automatic,Automatic,"44,823 km",1st Owner,Petrol,"?9,79,299",,,,,,
2022 Honda Amaze,1.2 VXMT I VTEC Manual,Manual,"3,031 km",1st Owner,Petrol,"?9,45,599",,,,,,
2018 Maruti Swift,VXI Manual,Manual,"11,917 km",1st Owner,Petrol,"?5,60,599",,,,,,
2021 Mahindra XUV500,W9 AT Automatic,Automatic,"20,809 km",1st Owner,Diesel,"?18,83,699",,,,,,
2020 Maruti Baleno,DELTA 1.2 K12 Manual,Manual,"36,411 km",1st Owner,Petrol,"?7,11,199",,,,,,
2019 Renault Kwid,RXL Manual,Manual,"5,660 km",1st Owner,Petrol,"?4,04,099",,,,,,
2014 Honda City,V MT PETROL Manual,Manual,"91,673 km",2nd Owner,Petrol,"?5,57,699",,,,,,
2021 Hyundai NEW I20,ASTA (O) 1.5 CRDI MT ,,"27,082 km",1st Owner,Diesel,"?11,38,899",,,,,,
2018 Hyundai Elite i20,ASTA 1.2 (O) Manual,Manual,"87,715 km",1st Owner,Petrol,"?6,74,299",,,,,,
2021 Tata Harrier,XZA  DUAL TONE Automatic,Automatic,"16,826 km",1st Owner,Diesel,"?20,86,999",,,,,,
2019 Hyundai New Elantra,1.6 SX AT O Automatic,Automatic,"11,784 km",1st Owner,Diesel,"?14,47,599",,,,,,
2017 Maruti Baleno,SIGMA 1.2 K12 Manual,Manual,"23,514 km",1st Owner,Petrol,"?5,23,999",,,,,,
2021 Tata TIGOR,XZ PLUS 1.2 REVOTRON Manual,Manual,"7,089 km",1st Owner,Petrol,"?8,14,799",,,,,,
2019 Honda City,V MT PETROL Manual,Manual,"38,050 km",1st Owner,Petrol,"?9,12,699",,,,,,
2015 Maruti Swift,LXI OPT Manual,Manual,"37,931 km",2nd Owner,Petrol,"?4,21,999",,,,,,
2021 Datsun Redi Go,T (O) Manual,Manual,"7,323 km",1st Owner,Petrol,"?4,57,499",,,,,,
2021 Honda Jazz,VX 1.2 CVT Automatic,Automatic,"7,460 km",1st Owner,Petrol,"?9,53,799",,,,,,
2016 Hyundai Grand i10,SPORTZ 1.2 KAPPA VTVT Manual,Manual,"46,106 km",1st Owner,Petrol,"?4,82,799",,,,,,
2017 Toyota Corolla Altis,G AT Automatic,Automatic,"75,422 km",1st Owner,Petrol,"?13,89,899",,,,,,
2017 Hyundai Grand i10,SPORTZ 1.2 KAPPA VTVT Manual,Manual,"65,162 km",1st Owner,Petrol + CNG,"?4,60,699",,,,,,
2012 Maruti Alto K10,VXI Manual,Manual,"87,463 km",1st Owner,Petrol,"?2,18,899",,,,,,
2015 Volkswagen Polo,COMFORTLINE 1.2L PETROL Manual,Manual,"86,070 km",1st Owner,Petrol,"?4,34,999",,,,,,
2020 Honda Jazz,ZX CVT Automatic,Automatic,"9,871 km",1st Owner,Petrol,"?10,00,099",,,,,,
2016 Hyundai Grand i10,SPORTZ 1.2 KAPPA VTVT Manual,Manual,"62,740 km",2nd Owner,Petrol,"?4,27,799",,,,,,
2020 Hyundai Creta,1.5 SX (O) AT Automatic,Automatic,"31,437 km",1st Owner,Petrol,"?17,66,599",,,,,,
2019 Hyundai Creta,1.4 S CRDI Manual,Manual,"71,968 km",1st Owner,Diesel,"?9,57,899",,,,,,
2019 Maruti Baleno,DELTA 1.2 K12 Manual,Manual,"24,767 km",1st Owner,Petrol,"?6,48,799",,,,,,
2019 Hyundai Elite i20,1.2 SPORTS PLUS VTVT Manual,Manual,"30,078 km",1st Owner,Petrol,"?7,07,299",,,,,,
2021 Tata ALTROZ,XT 1.2 ,,"13,351 km",1st Owner,Petrol,"?7,73,599",,,,,,
2018 Honda Jazz,1.2 S MT Manual,Manual,"50,506 km",2nd Owner,Petrol,"?5,43,799",,,,,,
2019 Maruti Baleno,DELTA 1.2 K12 Manual,Manual,"26,288 km",1st Owner,Petrol,"?6,55,499",,,,,,
2017 Renault Kwid,RXT Manual,Manual,"25,910 km",2nd Owner,Petrol,"?3,42,799",,,,,,
2019 Hyundai VENUE,1.0 TURBO GDI SX+ AT Automatic,Automatic,"57,770 km",1st Owner,Petrol,"?10,39,999",,,,,,
2021 Maruti Vitara Brezza,ZXI + Manual,Manual,"22,317 km",1st Owner,Petrol,"?9,82,499",,,,,,
2021 Maruti Dzire,VXI Manual,Manual,"14,400 km",1st Owner,Petrol,"?7,41,999",,,,,,
2014 Maruti Wagon R 1.0,LXI CNG Manual,Manual,"64,132 km",1st Owner,Petrol + CNG,"?3,25,799",,,,,,
2020 Hyundai Creta,1.6 VTVT SX AUTO Automatic,Automatic,"29,081 km",1st Owner,Petrol,"?14,07,599",,,,,,
2020 Maruti New  Wagon-R,ZXI 1.2 Manual,Manual,"23,797 km",1st Owner,Petrol,"?6,08,599",,,,,,
2018 Maruti Baleno,DELTA 1.2 K12 Manual,Manual,"26,445 km",1st Owner,Petrol,"?6,04,899",,,,,,
2019 MG HECTOR,SHARP 2.0 DIESEL Manual,Manual,"50,353 km",1st Owner,Diesel,"?15,18,299",,,,,,
2016 Maruti Celerio,ZXI AMT Automatic,Automatic,"32,649 km",1st Owner,Petrol,"?4,35,599",,,,,,
2019 Hyundai Grand i10,SPORTZ 1.2 KAPPA VTVT Manual,Manual,"37,953 km",2nd Owner,Petrol,"?5,21,999",,,,,,
2021 Mahindra Thar,LX D 4*4 MT HT Manual,Manual,"6,962 km",1st Owner,Diesel,"?17,02,699",,,,,,
2017 Maruti Celerio,ZXI OPT AMT Automatic,Automatic,"81,353 km",1st Owner,Petrol,"?4,22,099",,,,,,
2020 Tata ALTROZ,XZ 1.2 Manual,Manual,"37,413 km",1st Owner,Petrol,"?7,95,399",,,,,,
2019 MG HECTOR,SUPER DIESEL Manual,Manual,"52,465 km",2nd Owner,Diesel,"?13,91,599",,,,,,
2018 Honda Amaze,1.2 V CVT I VTEC Automatic,Automatic,"23,495 km",1st Owner,Petrol,"?7,73,999",,,,,,
2020 Honda City,V MT PETROL Manual,Manual,"24,280 km",1st Owner,Petrol,"?10,76,199",,,,,,
2020 Hyundai Creta,S PETROL MT Manual,Manual,"7,757 km",1st Owner,Petrol,"?13,28,499",,,,,,
2019 Maruti Baleno,DELTA 1.2 K12 Manual,Manual,"25,647 km",1st Owner,Petrol,"?6,75,199",,,,,,
2018 Maruti Celerio,VXI Manual,Manual,"12,407 km",1st Owner,Petrol,"?4,66,049",,,,,,
2018 Honda Amaze,1.2 VXMT I VTEC Manual,Manual,"1,546 km",1st Owner,Petrol,"?7,20,399",,,,,,
2016 Maruti Baleno,ZETA 1.2 K12 Manual,Manual,"22,535 km",1st Owner,Petrol,"?5,74,899",,,,,,
2020 Skoda Rapid,1.0 AMBITION TSI AT Automatic,Automatic,"16,292 km",2nd Owner,Petrol,"?11,67,399",,,,,,
2019 Maruti Baleno,DELTA 1.2 K12 Manual,Manual,"16,402 km",1st Owner,Petrol,"?6,76,399",,,,,,
2019 Maruti Baleno,DELTA 1.2 K12 Manual,Manual,"24,453 km",2nd Owner,Petrol,"?6,59,099",,,,,,
2018 Volkswagen TIGUAN,HIGHLINE A/T Automatic,Automatic,"74,860 km",1st Owner,Diesel,"?21,39,099",,,,,,
2019 Maruti Celerio,VXI Manual,Manual,"27,718 km",1st Owner,Petrol,"?4,70,699",,,,,,
2019 Volkswagen Polo,GT TSI 1.2 PETROL AT Automatic,Automatic,"53,365 km",1st Owner,Petrol,"?7,05,499",,,,,,
2019 Maruti Baleno,DELTA 1.2 K12 Manual,Manual,"29,383 km",1st Owner,Petrol,"?6,60,999",,,,,,
2018 Maruti Alto K10,VXI (O) AMT Automatic,Automatic,"13,002 km",2nd Owner,Petrol,"?4,07,299",,,,,,
2021 Maruti Alto,LXI CNG Manual,Manual,"23,812 km",1st Owner,Petrol + CNG,"?5,10,799",,,,,,
2021 Hyundai Verna,SX PETROL MT Manual,Manual,"20,361 km",1st Owner,Petrol,"?11,91,899",,,,,,
2021 Maruti Alto,VXI PLUS Manual,Manual,"4,889 km",1st Owner,Petrol,"?4,35,499",,,,,,
2020 Maruti Baleno,DELTA 1.2 K12 Manual,Manual,"29,525 km",2nd Owner,Petrol,"?6,07,999",,,,,,
2018 Honda WR-V,1.2 i-VTEC S MT Manual,Manual,"18,136 km",2nd Owner,Petrol,"?6,52,199",,,,,,
2019 Hyundai Creta,1.6 VTVT SX AUTO Automatic,Automatic,"31,594 km",1st Owner,Petrol,"?13,53,699",,,,,,
2020 Honda Jazz,1.2 ZX MT Manual,Manual,"10,535 km",1st Owner,Petrol,"?8,93,899",,,,,,
2020 Tata ALTROZ,XZ 1.2 Manual,Manual,"32,106 km",1st Owner,Petrol,"?8,22,499",,,,,,
2019 Honda WR-V,1.2 i-VTEC VX MT Manual,Manual,"43,575 km",1st Owner,Petrol,"?8,13,199",,,,,,
2020 Maruti New  Wagon-R,VXI 1.2L Manual,Manual,"10,471 km",2nd Owner,Petrol,"?5,58,799",,,,,,
2019 Maruti Ciaz,ALPHA 1.3 DDIS SHVS Manual,Manual,"35,969 km",1st Owner,Diesel,"?9,03,299",,,,,,
2022 Maruti S Cross,SIGMA 1.5 SHVS Manual,Manual,"1,189 km",1st Owner,Petrol,"?9,41,199",,,,,,
2021 Tata TIGOR,XZ PLUS 1.2 REVOTRON Manual,Manual,"9,553 km",1st Owner,Petrol,"?8,14,799",,,,,,
2019 Honda City,V MT PETROL Manual,Manual,"29,922 km",1st Owner,Petrol,"?9,23,399",,,,,,
2016 Ford Ecosport,1.5 TITANIUM TI VCT Manual,Manual,"46,901 km",2nd Owner,Petrol,"?6,30,199",,,,,,
2019 Maruti Baleno,DELTA 1.2 K12 Manual,Manual,"22,380 km",1st Owner,Petrol,"?6,43,239",,,,,,
2019 Honda Amaze,1.2 V CVT I VTEC Automatic,Automatic,"29,577 km",1st Owner,Petrol,"?7,94,399",,,,,,
2014 Maruti Swift,ZXI Manual,Manual,"63,278 km",1st Owner,Petrol,"?4,46,999",,,,,,
2019 Hyundai Elite i20,1.2 SPORTS PLUS VTVT Manual,Manual,"45,805 km",1st Owner,Petrol,"?7,02,299",,,,,,
2017 Maruti Alto K10,VXI Manual,Manual,"95,218 km",1st Owner,Petrol,"?3,31,199",,,,,,
2018 Renault Kwid,1.0 RXT Opt Manual,Manual,"75,123 km",1st Owner,Petrol,"?3,42,999",,,,,,
2013 Hyundai i20,SPORTZ 1.4 CRDI Manual,Manual,"1,21,564 km",2nd Owner,Diesel,"?3,48,599",,,,,,
2019 Maruti Baleno,ZETA 1.2 K12 Manual,Manual,"19,398 km",1st Owner,Petrol,"?7,28,199",,,,,,
2019 Hyundai NEW SANTRO,1.1 MAGNA AMT Automatic,Automatic,"20,498 km",1st Owner,Petrol,"?5,27,699",,,,,,
2021 Maruti S Cross,ZETA AT 1.5 SHVS ,,"5,268 km",1st Owner,Petrol,"?11,08,699",,,,,,
2013 Toyota Etios Liva,G SP Manual,Manual,"36,330 km",1st Owner,Petrol,"?3,76,599",,,,,,
2020 Hyundai NEW SANTRO,SPORTZ 1.1 Manual,Manual,"17,336 km",1st Owner,Petrol,"?4,73,899",,,,,,
2019 MG HECTOR,SHARP DCT PETROL Automatic,Automatic,"35,443 km",1st Owner,Petrol,"?17,26,099",,,,,,
2019 MG HECTOR,SHARP DCT PETROL Automatic,Automatic,"36,621 km",1st Owner,Petrol,"?17,78,399",,,,,,
2017 Honda WR-V,1.2 i-VTEC VX MT Manual,Manual,"84,302 km",1st Owner,Petrol,"?6,71,699",,,,,,
2021 Maruti New  Wagon-R,1.0 Lxi (o) cng Manual,Manual,"16,511 km",1st Owner,Petrol + CNG,"?6,84,099",,,,,,
2019 MG HECTOR,SHARP DCT PETROL Automatic,Automatic,"38,903 km",1st Owner,Petrol,"?16,34,199",,,,,,
2017 Toyota Corolla Altis,GL Manual,Manual,"58,885 km",1st Owner,Petrol,"?11,36,899",,,,,,
2019 Maruti Alto K10,VXI Manual,Manual,"5,821 km",1st Owner,Petrol,"?4,28,299",,,,,,
2018 Honda City,V MT PETROL Manual,Manual,"23,860 km",1st Owner,Petrol,"?8,70,999",,,,,,
2016 Maruti Ciaz,VXI PLUS Manual,Manual,"14,253 km",1st Owner,Petrol,"?6,86,399",,,,,,
2019 Hyundai NEW SANTRO,ASTA 1.1 MT Manual,Manual,"12,664 km",1st Owner,Petrol,"?5,58,899",,,,,,
2018 Tata Hexa,Varicor 400 XMA Automatic,Automatic,"75,883 km",1st Owner,Diesel,"?11,48,749",,,,,,
2017 Hyundai Elite i20,ASTA 1.2 Manual,Manual,"25,775 km",2nd Owner,Petrol,"?6,02,099",,,,,,
2021 Maruti S Cross,ZETA AT 1.5 SHVS ,,"15,291 km",2nd Owner,Petrol,"?10,19,399",,,,,,
2019 Maruti Baleno,DELTA 1.2 K12 Manual,Manual,"25,227 km",1st Owner,Petrol,"?6,89,199",,,,,,
2019 Maruti Celerio,VXI Manual,Manual,"33,888 km",2nd Owner,Petrol,"?4,41,899",,,,,,
2021 Maruti IGNIS,DELTA 1.2 K12 Manual,Manual,"12,799 km",1st Owner,Petrol,"?6,42,999",,,,,,
2018 Maruti IGNIS,SIGMA 1.2 K12 Manual,Manual,"18,645 km",1st Owner,Petrol,"?4,66,099",,,,,,
2017 Maruti Baleno,DELTA 1.2 K12 Manual,Manual,"64,181 km",1st Owner,Petrol,"?4,80,449",,,,,,
2018 Maruti Baleno,ZETA 1.2 K12 Manual,Manual,"30,672 km",1st Owner,Petrol,"?6,47,999",,,,,,
2019 Maruti Alto,VXI Manual,Manual,"37,786 km",1st Owner,Petrol,"?3,46,054",,,,,,
2020 Mahindra Scorpio,S9 Manual,Manual,"26,121 km",1st Owner,Diesel,"?15,13,099",,,,,,
2020 Hyundai GRAND I10 NIOS,SPORTZ PETROL Manual,Manual,"16,489 km",1st Owner,Petrol,"?6,76,399",,,,,,
2017 Honda WR-V,1.2 i-VTEC S MT Manual,Manual,"39,333 km",1st Owner,Petrol,"?6,48,099",,,,,,
2021 Tata NEXON,XZ+ 1.5 Manual,Manual,"6,694 km",1st Owner,Diesel,"?12,61,699",,,,,,
2019 Maruti IGNIS,ALPHA 1.2 K12 AMT Automatic,Automatic,"25,350 km",1st Owner,Petrol,"?6,70,699",,,,,,
2015 Hyundai Eon,MAGNA PLUS Manual,Manual,"43,616 km",2nd Owner,Petrol,"?3,05,699",,,,,,
2020 Maruti S PRESSO,VXI PLUS AGS Automatic,Automatic,"2,258 km",1st Owner,Petrol,"?5,28,499",,,,,,
2018 Tata Tiago,XE 1.2 REVOTRON Manual,Manual,"33,114 km",1st Owner,Petrol,"?4,25,099",,,,,,
2020 MG HECTOR,SHARP DCT PETROL Automatic,Automatic,"33,016 km",1st Owner,Petrol,"?18,04,899",,,,,,
2016 Hyundai Grand i10,SPORTZ 1.2 KAPPA VTVT Manual,Manual,"19,577 km",1st Owner,Petrol,"?4,28,299",,,,,,
2021 Tata Safari,XE 2.0 KRYOTEC Manual,Manual,"17,534 km",1st Owner,Diesel,"?15,36,799",,,,,,
2020 Mahindra XUV 3OO,1.2 W6 MT ,,"17,763 km",1st Owner,Petrol,"?9,29,799",,,,,,
2018 Maruti Wagon R 1.0,LXI Manual,Manual,"18,671 km",1st Owner,Petrol,"?4,24,499",,,,,,
2019 Hyundai GRAND I10 NIOS,SPORTZ 1.2 AT Automatic,Automatic,"15,206 km",1st Owner,Petrol,"?7,25,899",,,,,,
2019 Hyundai Tucson New,2WD AT GLS PETROL Automatic,Automatic,"38,848 km",1st Owner,Petrol,"?21,39,499",,,,,,
2021 Mahindra XUV 3OO,1.2 W6 MT ,,"7,334 km",1st Owner,Petrol,"?9,95,499",,,,,,
2017 Mahindra XUV500,W8 FWD Manual,Manual,"84,279 km",2nd Owner,Diesel,"?9,69,399",,,,,,
2021 Mahindra Thar,LX D 4*4 MT HT Manual,Manual,"10,292 km",1st Owner,Diesel,"?16,73,799",,,,,,
2016 Ford Ecosport,1.5 TITANIUM TI VCT Manual,Manual,"53,040 km",1st Owner,Petrol,"?7,01,099",,,,,,
2016 Maruti Baleno,DELTA 1.2 K12 Manual,Manual,"26,114 km",1st Owner,Petrol,"?5,25,199",,,,,,
2021 Toyota Glanza,G CVT Automatic,Automatic,"8,225 km",1st Owner,Petrol,"?9,30,899",,,,,,
2017 Maruti Celerio,VXI Manual,Manual,"25,646 km",1st Owner,Petrol,"?4,32,099",,,,,,
2020 Hyundai Creta,1.6 SX AT CRDI Automatic,Automatic,"42,396 km",1st Owner,Diesel,"?16,03,199",,,,,,
2020 Maruti Vitara Brezza,VXI Manual,Manual,"42,315 km",2nd Owner,Petrol,"?7,92,799",,,,,,
2019 Tata Hexa,Varicor 400 XM Manual,Manual,"43,696 km",1st Owner,Diesel,"?15,05,499",,,,,,
2018 Hyundai Grand i10,MAGNA 1.2 VTVT Manual,Manual,"39,304 km",1st Owner,Petrol,"?4,72,699",,,,,,
2017 Hyundai Grand i10,MAGNA 1.2 KAPPA VTVT Manual,Manual,"18,003 km",1st Owner,Petrol,"?4,77,220",,,,,,
2018 Honda WR-V,1.2 i-VTEC VX MT Manual,Manual,"41,604 km",1st Owner,Petrol,"?7,55,199",,,,,,
2014 Honda Amaze,1.2 EMT I VTEC Manual,Manual,"49,342 km",1st Owner,Petrol,"?4,18,099",,,,,,
2019 Honda Civic,ZX CVT PETROL Automatic,Automatic,"45,604 km",1st Owner,Petrol,"?16,98,999",,,,,,
2015 Hyundai Xcent,S 1.2 Manual,Manual,"35,557 km",1st Owner,Petrol,"?4,45,599",,,,,,
2017 Maruti Celerio,ZXI AMT Automatic,Automatic,"40,735 km",1st Owner,Petrol,"?4,48,699",,,,,,
2014 Hyundai Grand i10,SPORTZ 1.2 KAPPA VTVT Manual,Manual,"50,886 km",1st Owner,Petrol,"?3,98,899",,,,,,
2016 Hyundai Grand i10,ASTA 1.2 KAPPA VTVT Manual,Manual,"80,982 km",2nd Owner,Petrol,"?4,60,899",,,,,,
2019 Hyundai Grand i10,SPORTZ 1.2 KAPPA VTVT Manual,Manual,"39,642 km",1st Owner,Petrol,"?5,30,699",,,,,,
2013 Maruti Swift,LXI Manual,Manual,"53,244 km",1st Owner,Petrol,"?3,76,899",,,,,,
2016 Maruti Baleno,DELTA 1.2 K12 Manual,Manual,"40,459 km",2nd Owner,Petrol,"?5,25,199",,,,,,
2020 Hyundai GRAND I10 NIOS,SPORTZ 1.2 AT Automatic,Automatic,"7,840 km",2nd Owner,Petrol,"?7,25,699",,,,,,
2017 Maruti Dzire,VXI Manual,Manual,"54,796 km",1st Owner,Petrol,"?5,98,699",,,,,,
2017 Maruti Baleno,ALPHA 1.2 K12 Manual,Manual,"23,204 km",1st Owner,Petrol,"?6,27,149",,,,,,
2015 Hyundai Creta,1.6 S Manual,Manual,"49,814 km",1st Owner,Petrol,"?8,57,499",,,,,,
2019 Maruti Baleno,DELTA 1.2 K12 Manual,Manual,"31,923 km",2nd Owner,Petrol,"?5,97,199",,,,,,
2012 Toyota Etios Liva,G Manual,Manual,"43,321 km",1st Owner,Petrol,"?3,24,899",,,,,,
2021 Mahindra XUV 3OO,1.2 W6 MT ,,"5,184 km",1st Owner,Petrol,"?10,92,499",,,,,,
2019 Maruti Baleno,DELTA 1.2 K12 Manual,Manual,"21,800 km",1st Owner,Petrol,"?6,93,699",,,,,,
2021 Skoda Rapid,STYLE 1.0TSI MT Manual,Manual,"9,999 km",1st Owner,Petrol,"?11,94,199",,,,,,
2017 Maruti Alto 800,LXI Manual,Manual,"17,800 km",2nd Owner,Petrol,"?3,00,099",,,,,,
2016 Hyundai Grand i10,SPORTZ 1.2 KAPPA VTVT Manual,Manual,"41,119 km",1st Owner,Petrol,"?4,58,599",,,,,,
2017 Honda WR-V,1.2 i-VTEC VX MT Manual,Manual,"18,954 km",1st Owner,Petrol,"?7,58,499",,,,,,
2019 Ford Ecosport,1.5 TREND TI VCT Manual,Manual,"28,560 km",1st Owner,Petrol,"?7,84,799",,,,,,
2019 Maruti Vitara Brezza,ZDI Manual,Manual,"23,602 km",1st Owner,Diesel,"?8,98,599",,,,,,
2016 Maruti Baleno,DELTA 1.2 K12 Manual,Manual,"40,552 km",1st Owner,Petrol,"?5,25,199",,,,,,
2019 Honda Civic,ZX CVT PETROL Automatic,Automatic,"19,930 km",1st Owner,Petrol,"?18,60,099",,,,,,
2017 Maruti IGNIS,ZETA 1.2 K12 Manual,Manual,"21,204 km",1st Owner,Petrol,"?5,19,499",,,,,,
2018 Hyundai Elite i20,Magna Executive Diesel Manual,Manual,"57,975 km",1st Owner,Diesel,"?6,68,899",,,,,,
2017 Honda Brio,1.2 VX MT I VTEC Manual,Manual,"30,553 km",1st Owner,Petrol,"?4,69,299",,,,,,
2015 Maruti Baleno,ALPHA 1.2 K12 Manual,Manual,"65,636 km",1st Owner,Petrol,"?5,59,999",,,,,,
2018 Hyundai Grand i10,MAGNA 1.2 KAPPA VTVT Manual,Manual,"43,049 km",1st Owner,Petrol,"?4,96,699",,,,,,
2020 Mahindra XUV 3OO,1.2 W6 MT ,,"22,100 km",1st Owner,Petrol,"?8,18,399",,,,,,
2021 Maruti S PRESSO,VXI PLUS Manual,Manual,"4,409 km",1st Owner,Petrol,"?4,91,899",,,,,,
2020 MG HECTOR,SHARP DCT PETROL Automatic,Automatic,"34,236 km",1st Owner,Petrol,"?17,37,199",,,,,,
2015 Hyundai Xcent,S 1.2 Manual,Manual,"41,535 km",1st Owner,Petrol,"?4,49,799",,,,,,
2019 Hyundai NEW SANTRO,SPORTZ 1.1 Manual,Manual,"28,943 km",1st Owner,Petrol,"?4,95,799",,,,,,
2016 Maruti Baleno,ZETA 1.2 K12 Manual,Manual,"52,677 km",1st Owner,Petrol,"?5,54,849",,,,,,
2018 Ford Ecosport,1.5 TITANIUM TI VCT Manual,Manual,"89,846 km",1st Owner,Petrol + CNG,"?7,19,499",,,,,,
2017 Renault Kwid,CLIMBER 1.0 AT Automatic,Automatic,"55,432 km",1st Owner,Petrol,"?3,56,499",,,,,,
2014 Audi Q3,2.0 TDI MT S EDITION Manual,Manual,"93,844 km",1st Owner,Diesel,"?10,37,699",,,,,,
2021 Maruti Alto,LXI CNG Manual,Manual,"30,016 km",1st Owner,Petrol + CNG,"?4,95,599",,,,,,
2019 Maruti XL6,ALPHA SHVS  MT Manual,Manual,"17,952 km",1st Owner,Petrol,"?10,82,499",,,,,,
2021 Maruti Ciaz,ALPHA 1.5 MT VTVT SHVS Manual,Manual,"9,758 km",1st Owner,Petrol,"?11,26,649",,,,,,
2018 Hyundai Elite i20,Magna Executive 1.2 Manual,Manual,"44,077 km",2nd Owner,Petrol,"?5,46,899",,,,,,
2018 Maruti Wagon R 1.0,VXI PLUS Manual,Manual,"60,264 km",2nd Owner,Petrol,"?4,25,299",,,,,,
2017 Honda WR-V,1.2 i-VTEC VX MT Manual,Manual,"68,354 km",1st Owner,Petrol,"?7,09,899",,,,,,
2016 Hyundai Grand i10,MAGNA 1.2 KAPPA VTVT Manual,Manual,"66,329 km",1st Owner,Petrol,"?4,38,999",,,,,,
2017 Hyundai Grand i10,Sportz(O) 1.2 MT Manual,Manual,"63,766 km",1st Owner,Petrol,"?5,21,399",,,,,,
2015 Hyundai Grand i10,SPORTZ 1.2 KAPPA VTVT Manual,Manual,"47,146 km",2nd Owner,Petrol,"?4,34,349",,,,,,
2021 Maruti Alto,VXI PLUS Manual,Manual,"15,460 km",1st Owner,Petrol,"?4,24,399",,,,,,
2014 Hyundai i20,SPORTZ 1.2 VTVT Manual,Manual,"83,811 km",1st Owner,Petrol,"?3,99,699",,,,,,
2016 Hyundai Elite i20,SPORTZ 1.2 Manual,Manual,"46,473 km",2nd Owner,Petrol,"?5,47,799",,,,,,
2019 Maruti Vitara Brezza,ZDI PLUS Manual,Manual,"30,973 km",1st Owner,Diesel,"?9,59,699",,,,,,
2021 Maruti Baleno,ZETA 1.2 K12 CVT Automatic,Automatic,"14,407 km",1st Owner,Petrol,"?9,42,499",,,,,,
2019 Maruti Alto,LXI Manual,Manual,"71,314 km",1st Owner,Petrol,"?3,21,699",,,,,,
2017 Mahindra XUV500,W8 FWD AT Automatic,Automatic,"90,501 km",1st Owner,Diesel,"?11,25,299",,,,,,
2019 Toyota YARIS,J CVT Automatic,Automatic,"13,618 km",1st Owner,Petrol,"?9,05,999",,,,,,
2017 Hyundai Grand i10,Sportz(O) 1.2 MT Manual,Manual,"34,652 km",1st Owner,Petrol,"?5,15,599",,,,,,
2019 Maruti Celerio,VXI Manual,Manual,"34,338 km",1st Owner,Petrol + CNG,"?5,11,899",,,,,,
2014 Maruti Swift,VXI Manual,Manual,"31,335 km",2nd Owner,Petrol,"?3,78,899",,,,,,
2018 Maruti Baleno,DELTA 1.2 K12 Manual,Manual,"35,245 km",1st Owner,Petrol,"?5,72,399",,,,,,
2016 Maruti Ciaz,VXI PLUS Manual,Manual,"99,521 km",1st Owner,Petrol,"?5,86,799",,,,,,
2015 Hyundai i20 Active,1.2 S Manual,Manual,"70,259 km",1st Owner,Petrol,"?5,41,299",,,,,,
2019 Maruti New  Wagon-R,ZXI 1.2 Manual,Manual,"38,889 km",1st Owner,Petrol,"?5,06,699",,,,,,
2017 Hyundai Grand i10,Sportz(O) 1.2 MT Manual,Manual,"42,016 km",2nd Owner,Petrol,"?4,71,299",,,,,,
2019 Maruti Baleno,DELTA 1.2 K12 Manual,Manual,"45,522 km",1st Owner,Petrol,"?6,62,399",,,,,,
2019 Maruti Alto K10,VXI Manual,Manual,"11,145 km",1st Owner,Petrol,"?4,13,599",,,,,,
2014 Audi A3,35TDI PREMIUM Automatic,Automatic,"91,772 km",2nd Owner,Diesel,"?13,48,599",,,,,,
2020 Honda City,VX CVT PETROL Automatic,Automatic,"31,419 km",1st Owner,Petrol,"?12,64,699",,,,,,
2016 Honda City,VX MT DIESEL Manual,Manual,"49,653 km",1st Owner,Diesel,"?6,75,099",,,,,,
2017 Hyundai Grand i10,ASTA 1.2 (O) VTVT Manual,Manual,"49,271 km",3rd Owner,Petrol,"?4,52,899",,,,,,
2019 Maruti Vitara Brezza,ZDI Manual,Manual,"31,516 km",1st Owner,Diesel,"?8,83,799",,,,,,
2015 Hyundai Creta,1.6 S Manual,Manual,"71,587 km",1st Owner,Petrol,"?8,05,499",,,,,,
2016 Maruti Baleno,ZETA 1.2 K12 Manual,Manual,"59,676 km",1st Owner,Petrol,"?5,59,099",,,,,,
2020 Ford Ecosport,1.5 TITANIUM TI VCT AT Automatic,Automatic,"12,333 km",1st Owner,Petrol,"?10,56,849",,,,,,
2018 Mahindra Thar,CRDE 4X4 BS IV Manual,Manual,"19,767 km",1st Owner,Diesel,"?8,76,399",,,,,,
2016 Hyundai Elite i20,ASTA 1.2 (O) Manual,Manual,"66,702 km",1st Owner,Petrol,"?6,07,899",,,,,,
2019 Hyundai GRAND I10 NIOS,SPORTZ 1.2 AT Automatic,Automatic,"32,873 km",1st Owner,Petrol,"?7,25,799",,,,,,
2021 Toyota YARIS,G MT Manual,Manual,"27,388 km",1st Owner,Petrol,"?9,84,099",,,,,,
2017 Ford Ecosport,1.5 TITANIUM TI VCT AT Automatic,Automatic,"39,026 km",2nd Owner,Petrol,"?7,17,099",,,,,,
2019 Maruti Vitara Brezza,VDI Manual,Manual,"41,437 km",1st Owner,Diesel,"?7,96,599",,,,,,
2016 Maruti Vitara Brezza,ZDI Manual,Manual,"26,786 km",1st Owner,Diesel,"?6,55,399",,,,,,
2019 Maruti Baleno,DELTA 1.2 K12 Manual,Manual,"28,920 km",2nd Owner,Petrol,"?6,39,799",,,,,,
2015 Hyundai Elite i20,MAGNA 1.4 CRDI Manual,Manual,"53,859 km",2nd Owner,Diesel,"?4,28,399",,,,,,
2014 Audi A3,2.0 TDI  PREMIUM Automatic,Automatic,"52,439 km",1st Owner,Diesel,"?12,63,899",,,,,,
2018 Maruti Baleno,DELTA 1.2 K12 Manual,Manual,"50,712 km",1st Owner,Petrol,"?5,95,899",,,,,,
2019 Mahindra XUV 3OO,W8(O) Manual,Manual,"68,515 km",2nd Owner,Diesel,"?8,97,899",,,,,,
2017 Hyundai Grand i10,SPORTZ 1.2 KAPPA VTVT Manual,Manual,"79,292 km",1st Owner,Petrol,"?4,86,349",,,,,,
2016 Hyundai Grand i10,SPORTZ 1.2 KAPPA VTVT Manual,Manual,"68,268 km",1st Owner,Petrol,"?4,58,799",,,,,,
2021 Maruti Alto,LXI OPT Manual,Manual,"5,145 km",1st Owner,Petrol,"?4,07,699",,,,,,
2018 Maruti IGNIS,DELTA 1.2 K12 AMT Automatic,Automatic,"44,161 km",1st Owner,Petrol,"?5,67,899",,,,,,
2013 Ford Ecosport,1.5 TREND TDCI Manual,Manual,"33,832 km",2nd Owner,Diesel,"?4,20,199",,,,,,
2018 Maruti Vitara Brezza,VDI Manual,Manual,"49,770 km",2nd Owner,Diesel,"?7,23,399",,,,,,
2016 Maruti Baleno,DELTA 1.2 K12 Manual,Manual,"60,820 km",1st Owner,Petrol,"?5,39,899",,,,,,
2017 Maruti Ciaz,DELTA 1.3 DDIS SHVS Manual,Manual,"55,856 km",1st Owner,Diesel,"?6,35,899",,,,,,
2019 Maruti Baleno,ZETA 1.2 K12 Manual,Manual,"32,387 km",1st Owner,Petrol,"?7,02,399",,,,,,
2009 Maruti Ritz,ZXI Manual,Manual,"56,793 km",1st Owner,Petrol,"?2,27,499",,,,,,
2021 Toyota YARIS,J MT Manual,Manual,"8,461 km",1st Owner,Petrol,"?11,61,299",,,,,,
2018 Maruti Alto K10,VXI Manual,Manual,"26,096 km",1st Owner,Petrol,"?3,62,199",,,,,,
2018 Hyundai Creta,1.6 SX CRDI Manual,Manual,"40,640 km",1st Owner,Diesel,"?10,28,899",,,,,,
2015 Maruti Ritz,VDI Manual,Manual,"60,623 km",1st Owner,Diesel,"?3,66,399",,,,,,
2019 Maruti Baleno,ZETA 1.2 K12 Manual,Manual,"80,741 km",2nd Owner,Petrol,"?5,69,099",,,,,,
2018 Hyundai Creta,1.4 E PLUS CRDI Manual,Manual,"88,168 km",1st Owner,Diesel,"?8,87,499",,,,,,
2019 Maruti Baleno,DELTA 1.2 K12 Manual,Manual,"65,626 km",1st Owner,Petrol,"?6,12,699",,,,,,
2019 Maruti Swift,VXI AMT Automatic,Automatic,"36,424 km",1st Owner,Petrol,"?6,86,099",,,,,,
2016 Hyundai Elite i20,MAGNA 1.2 Manual,Manual,"91,525 km",1st Owner,Petrol,"?5,07,699",,,,,,
2014 Audi A3,35TDI PREMIUM Automatic,Automatic,"34,148 km",2nd Owner,Diesel,"?13,17,299",,,,,,
2020 Maruti Alto,VXI Manual,Manual,"14,443 km",1st Owner,Petrol,"?3,87,699",,,,,,
2015 Hyundai Elite i20,SPORTZ 1.4 Manual,Manual,"94,365 km",3rd Owner,Diesel,"?3,96,799",,,,,,
2019 Maruti Vitara Brezza,ZDI Manual,Manual,"41,077 km",1st Owner,Diesel,"?8,66,099",,,,,,
2018 Mahindra Scorpio,S5 Manual,Manual,"56,538 km",1st Owner,Diesel,"?10,46,899",,,,,,
2017 Maruti Baleno,ZETA 1.2 K12 Manual,Manual,"45,448 km",1st Owner,Petrol,"?5,29,399",,,,,,
2018 Maruti Alto 800,LXI Manual,Manual,"35,617 km",1st Owner,Petrol,"?3,07,099",,,,,,
2018 Maruti Baleno,ALPHA 1.2 K12 Manual,Manual,"37,949 km",1st Owner,Petrol,"?6,84,199",,,,,,
2011 Maruti Ritz,LXI Manual,Manual,"78,068 km",2nd Owner,Petrol,"?2,33,899",,,,,,
2018 Maruti Alto K10,VXI Manual,Manual,"42,317 km",1st Owner,Petrol,"?3,78,599",,,,,,
2019 Maruti Vitara Brezza,VDI Manual,Manual,"24,670 km",2nd Owner,Diesel,"?7,78,999",,,,,,
2020 Maruti Baleno,DELTA 1.2 K12 AT Automatic,Automatic,"33,503 km",1st Owner,Petrol,"?7,73,949",,,,,,
2021 Mahindra XUV 3OO,1.2 W6 MT ,,"8,928 km",2nd Owner,Petrol,"?9,62,499",,,,,,
2020 Maruti Alto,VXI Manual,Manual,"37,480 km",1st Owner,Petrol,"?3,78,699",,,,,,
2016 Maruti Baleno,DELTA 1.2 K12 Manual,Manual,"49,092 km",1st Owner,Petrol,"?5,25,199",,,,,,
2017 Maruti Baleno,ALPHA 1.2 K12 Manual,Manual,"44,978 km",1st Owner,Petrol,"?6,16,999",,,,,,
2017 Hyundai Creta,1.4 E PLUS CRDI Manual,Manual,"68,765 km",1st Owner,Diesel,"?8,01,199",,,,,,
2018 Maruti Vitara Brezza,VDI Manual,Manual,"28,057 km",1st Owner,Diesel,"?7,20,899",,,,,,
2018 Hyundai Creta,1.6 CRDI SX PLUS AUTO Automatic,Automatic,"79,950 km",2nd Owner,Diesel,"?10,00,999",,,,,,
2017 Ford Ecosport,1.5 TITANIUM TI VCT AT Automatic,Automatic,"18,977 km",1st Owner,Petrol,"?7,84,199",,,,,,
2017 Maruti Ciaz,ZDI+ SHVS Manual,Manual,"57,281 km",2nd Owner,Diesel,"?6,43,799",,,,,,
2018 Ford Ecosport,1.5TITANIUM TDCI Manual,Manual,"33,438 km",1st Owner,Diesel,"?8,15,399",,,,,,
2015 Audi Q3,35 TDI Quattro Automatic,Automatic,"52,533 km",1st Owner,Diesel,"?14,86,499",,,,,,
2013 Hyundai Verna,FLUIDIC 1.6 SX CRDI Manual,Manual,"33,450 km",1st Owner,Diesel,"?4,50,499",,,,,,
2019 Maruti Alto K10,VXI Manual,Manual,"38,225 km",1st Owner,Petrol,"?3,58,799",,,,,,
2020 Maruti S PRESSO,VXI PLUS Manual,Manual,"14,860 km",1st Owner,Petrol,"?4,55,999",,,,,,
2021 Maruti S PRESSO,VXI PLUS Manual,Manual,"14,050 km",1st Owner,Petrol,"?4,72,199",,,,,,
2021 Maruti Alto,LXI CNG Manual,Manual,"21,829 km",1st Owner,Petrol + CNG,"?5,20,399",,,,,,
2016 Maruti Vitara Brezza,ZDI PLUS Manual,Manual,"36,809 km",1st Owner,Diesel,"?6,65,199",,,,,,
2016 Mahindra Scorpio,S10 Manual,Manual,"43,901 km",1st Owner,Diesel,"?11,32,999",,,,,,
2016 Maruti Baleno,ZETA 1.2 K12 Manual,Manual,"61,060 km",1st Owner,Petrol,"?5,35,499",,,,,,
2019 Maruti XL6,ALPHA SHVS  MT Manual,Manual,"38,885 km",1st Owner,Petrol,"?9,78,599",,,,,,
2020 Maruti S PRESSO,VXI PLUS Manual,Manual,"19,193 km",1st Owner,Petrol,"?4,26,699",,,,,,
2015 Mahindra Scorpio,S10 Manual,Manual,"43,954 km",1st Owner,Diesel,"?10,04,399",,,,,,
2017 Maruti Baleno,ZETA 1.2 K12 Manual,Manual,"57,436 km",1st Owner,Petrol,"?5,60,499",,,,,,
2017 Maruti Baleno,DELTA 1.2 K12 Manual,Manual,"42,903 km",1st Owner,Petrol,"?5,29,099",,,,,,
2017 Ford Ecosport,1.5 TDCI TITANIUM PLUS Manual,Manual,"42,349 km",1st Owner,Diesel,"?6,48,999",,,,,,
2016 Audi Q3,35TDI PREMIUM Automatic,Automatic,"87,052 km",1st Owner,Diesel,"?17,96,299",,,,,,
2021 Ford Ecosport,1.5TITANIUM TDCI Manual,Manual,"16,751 km",1st Owner,Diesel,"?10,77,799",,,,,,
2020 Maruti Alto,VXI Manual,Manual,"18,261 km",1st Owner,Petrol,"?3,95,899",,,,,,
2015 Audi A6,2.0 TDI TECHNOLOGY Automatic,Automatic,"77,281 km",2nd Owner,Diesel,"?19,49,999",,,,,,
2018 Maruti Alto K10,VXI Manual,Manual,"28,287 km",2nd Owner,Petrol,"?3,75,799",,,,,,
2018 Maruti IGNIS,DELTA 1.2 K12 Manual,Manual,"34,241 km",1st Owner,Petrol,"?5,02,399",,,,,,
2016 Skoda Octavia,2.0 TDI STYLE PLUS AT Automatic,Automatic,"95,993 km",1st Owner,Diesel,"?11,35,999",,,,,,
2018 Maruti Vitara Brezza,VDI Manual,Manual,"44,339 km",1st Owner,Diesel,"?7,25,799",,,,,,
2017 Maruti Baleno,ALPHA DDIS 190 Manual,Manual,"51,429 km",2nd Owner,Diesel,"?5,93,999",,,,,,
2017 Hyundai Creta,1.4 E PLUS CRDI Manual,Manual,"42,720 km",1st Owner,Diesel,"?8,72,799",,,,,,
2019 Maruti S PRESSO,VXI PLUS Manual,Manual,"30,537 km",2nd Owner,Petrol,"?3,90,399",,,,,,
2017 Maruti Baleno,ZETA 1.2 K12 AMT Automatic,Automatic,"72,196 km",1st Owner,Petrol,"?6,26,899",,,,,,
2016 Maruti Swift Dzire,VDI ABS Manual,Manual,"79,736 km",2nd Owner,Diesel,"?5,01,899",,,,,,
2015 Maruti Ciaz,ZDI Manual,Manual,"62,245 km",2nd Owner,Diesel,"?5,31,399",,,,,,
2017 Hyundai Creta,1.4 E PLUS CRDI Manual,Manual,"78,220 km",1st Owner,Diesel,"?7,65,299",,,,,,
2015 Hyundai Elite i20,SPORTZ 1.4 Manual,Manual,"45,778 km",1st Owner,Diesel,"?4,51,999",,,,,,
2014 Ford Ecosport,1.5 TREND TDCI Manual,Manual,"38,666 km",1st Owner,Diesel,"?4,26,399",,,,,,
2017 Maruti Baleno,ZETA 1.2 K12 AMT Automatic,Automatic,"90,618 km",1st Owner,Petrol,"?5,77,299",,,,,,
2014 Honda City,E MT DIESEL Manual,Manual,"1,37,622 km",2nd Owner,Diesel,"?3,96,099",,,,,,
2014 Audi Q3,2.0 TDI MT S EDITION Manual,Manual,"68,368 km",1st Owner,Diesel,"?10,89,449",,,,,,
2016 BMW X1,SDRIVE 20D Automatic,Automatic,"31,705 km",2nd Owner,Diesel,"?16,19,599",,,,,,
2016 Maruti Vitara Brezza,VDI Manual,Manual,"42,161 km",1st Owner,Diesel,"?6,41,399",,,,,,
2018 Maruti S Cross,ALPHA SHVS Manual,Manual,"56,102 km",1st Owner,Diesel,"?8,75,299",,,,,,
2018 Ford Ecosport,1.5TITANIUM TDCI Manual,Manual,"65,143 km",1st Owner,Diesel,"?8,17,799",,,,,,
2016 Maruti Vitara Brezza,VDI Manual,Manual,"27,835 km",1st Owner,Diesel,"?6,97,799",,,,,,
2015 Maruti Ciaz,VDI+ SHVS Manual,Manual,"1,21,686 km",2nd Owner,Diesel,"?4,58,799",,,,,,
2017 Maruti Vitara Brezza,VDI OPT Manual,Manual,"51,167 km",2nd Owner,Diesel,"?6,37,899",,,,,,
2020 Maruti S PRESSO,VXI Manual,Manual,"45,659 km",1st Owner,Petrol,"?4,53,349",,,,,,
2018 Ford Ecosport,1.5 TDCI TITANIUM PLUS Manual,Manual,"59,508 km",1st Owner,Diesel,"?8,22,599",,,,,,
2017 Maruti Vitara Brezza,VDI Manual,Manual,"47,851 km",1st Owner,Diesel,"?6,82,199",,,,,,
2020 Maruti Alto,VXI Manual,Manual,"42,796 km",1st Owner,Petrol,"?4,03,399",,,,,,
2017 Maruti Baleno,ZETA 1.2 K12 AMT Automatic,Automatic,"79,004 km",1st Owner,Petrol,"?6,07,499",,,,,,
2015 Maruti Ciaz,VDI (O) SHVS HYBIRD Manual,Manual,"1,22,884 km",1st Owner,Diesel,"?4,49,699",,,,,,
2021 Maruti Alto,LXI CNG Manual,Manual,"26,773 km",1st Owner,Petrol + CNG,"?4,98,899",,,,,,
2015 Maruti Swift Dzire,VDI BS IV Manual,Manual,"76,009 km",1st Owner,Diesel,"?4,91,799",,,,,,
2017 Maruti Swift,VDI ABS Manual,Manual,"47,283 km",1st Owner,Diesel,"?5,34,899",,,,,,
2015 Audi Q3,30 TDI MT S EDITION Manual,Manual,"71,795 km",1st Owner,Diesel,"?12,75,399",,,,,,
2017 Honda WR-V,1.5 i-DTEC VX MT Manual,Manual,"77,611 km",1st Owner,Diesel,"?7,26,999",,,,,,
2019 Maruti IGNIS,DELTA 1.2 K12 Manual,Manual,"34,076 km",1st Owner,Petrol,"?5,30,199",,,,,,
2014 Toyota Corolla Altis,D 4D G Manual,Manual,"1,27,926 km",1st Owner,Diesel,"?6,43,399",,,,,,
2014 Hyundai i20,SPORTZ 1.4 CRDI Manual,Manual,"72,852 km",1st Owner,Diesel,"?3,34,499",,,,,,
2013 Maruti Ertiga,VDI ABS Manual,Manual,"49,425 km",1st Owner,Diesel,"?5,28,899",,,,,,
2020 Maruti S PRESSO,VXI Manual,Manual,"20,681 km",1st Owner,Petrol,"?4,42,099",,,,,,
2013 Audi Q3,2.0 TDI QUATTRO Automatic,Automatic,"89,740 km",1st Owner,Diesel,"?10,82,799",,,,,,
2016 Maruti Vitara Brezza,ZDI Manual,Manual,"44,427 km",1st Owner,Diesel,"?6,31,599",,,,,,
2014 Maruti Ritz,VDI Manual,Manual,"80,192 km",1st Owner,Diesel,"?3,52,799",,,,,,
2017 Maruti IGNIS,ALPHA 1.3 DDIS Manual,Manual,"79,796 km",2nd Owner,Diesel,"?5,19,349",,,,,,
2018 Renault Duster,RXS 85 PS Manual,Manual,"90,520 km",1st Owner,Diesel,"?6,92,999",,,,,,
2015 Hyundai Grand i10,ASTA 1.1 CRDI Manual,Manual,"90,449 km",1st Owner,Diesel,"?3,71,599",,,,,,
2014 Renault Duster,85 PS RXL OPT Manual,Manual,"84,717 km",1st Owner,Diesel,"?3,83,799",,,,,,
2017 Maruti Baleno,ZETA 1.2 K12 AMT Automatic,Automatic,"63,892 km",2nd Owner,Petrol,"?5,91,899",,,,,,
2019 Ford Ecosport,1.5TITANIUM TDCI Manual,Manual,"51,765 km",2nd Owner,Diesel,"?7,84,549",,,,,,
2016 Maruti Ciaz,VDI+ SHVS Manual,Manual,"88,616 km",1st Owner,Diesel,"?5,34,599",,,,,,
2015 Hyundai Creta,1.4 S PLUS Manual,Manual,"51,763 km",1st Owner,Diesel,"?7,25,499",,,,,,
2017 Maruti Alto K10,VXI Manual,Manual,"45,891 km",2nd Owner,Petrol,"?3,72,099",,,,,,
2017 Maruti Ciaz,VDI+ SHVS Manual,Manual,"83,350 km",1st Owner,Diesel,"?6,39,999",,,,,,
2017 Hyundai Tucson New,2WD AT GL DIESEL Automatic,Automatic,"88,655 km",1st Owner,Diesel,"?13,81,299",,,,,,
2017 Maruti Swift,ZDI Manual,Manual,"51,088 km",2nd Owner,Diesel,"?5,48,499",,,,,,
2016 Mahindra Scorpio,S10 Manual,Manual,"74,939 km",1st Owner,Diesel,"?11,25,199",,,,,,
2017 Maruti Alto K10,VXI Manual,Manual,"56,783 km",1st Owner,Petrol,"?3,76,399",,,,,,
2017 Maruti Vitara Brezza,VDI OPT Manual,Manual,"67,116 km",2nd Owner,Diesel,"?6,18,799",,,,,,
2015 Maruti S Cross,ALPHA 1.3 Manual,Manual,"46,980 km",1st Owner,Diesel,"?6,01,899",,,,,,
2013 Mercedes Benz E Class,E 220 CDI ELEGANCE Automatic,Automatic,"53,524 km",1st Owner,Diesel,"?12,00,899",,,,,,
2014 Audi Q5,30 TDI PREMIUM PLUS Automatic,Automatic,"33,109 km",1st Owner,Diesel,"?17,93,399",,,,,,
2021 Maruti Alto,VXI Manual,Manual,"31,642 km",1st Owner,Petrol,"?3,78,849",,,,,,
2017 Maruti Vitara Brezza,VDI OPT Manual,Manual,"74,082 km",1st Owner,Diesel,"?6,46,099",,,,,,
2018 Ford Ecosport,1.5TITANIUM TDCI Manual,Manual,"55,513 km",1st Owner,Diesel,"?7,53,399",,,,,,
2016 Maruti Baleno,DELTA DDIS 190 Manual,Manual,"69,270 km",1st Owner,Diesel,"?5,55,999",,,,,,
2017 Maruti Vitara Brezza,VDI OPT Manual,Manual,"1,48,572 km",1st Owner,Diesel,"?6,36,399",,,,,,
2017 Renault Duster,RXZ AMT 110 PS Automatic,Automatic,"89,143 km",2nd Owner,Diesel,"?7,24,399",,,,,,
2018 Ford Ecosport,1.5TITANIUM TDCI Manual,Manual,"74,204 km",1st Owner,Diesel,"?7,77,299",,,,,,
2013 BMW 5 Series,520D LUXURY LINE Automatic,Automatic,"83,330 km",2nd Owner,Diesel,"?13,71,599",,,,,,
2017 Maruti Vitara Brezza,ZDI Manual,Manual,"81,842 km",1st Owner,Diesel,"?7,05,399",,,,,,
2016 Hyundai Creta,1.6 SX CRDI Manual,Manual,"85,776 km",1st Owner,Diesel,"?7,56,599",,,,,,
2019 Ford Ecosport,1.5TITANIUM TDCI Manual,Manual,"42,949 km",1st Owner,Diesel,"?8,17,199",,,,,,
2014 Honda City,SV MT DIESEL Manual,Manual,"86,449 km",1st Owner,Diesel,"?4,54,099",,,,,,
2017 Maruti Vitara Brezza,ZDI PLUS DUAL TONE Manual,Manual,"69,262 km",2nd Owner,Diesel,"?6,49,099",,,,,,
2014 Hyundai Elite i20,SPORTZ (O) 1.4 Manual,Manual,"73,924 km",1st Owner,Diesel,"?4,21,099?Title",cvakb,cvakb1,bvr0c,bvr0c2,bvr0c3,_7udzz
2017 Maruti Vitara Brezza,ZDI PLUS Manual,Manual,"75,754 km",2nd Owner,Diesel,"?6,64,799",,,,,,
2014 Hyundai i20,ASTA 1.4 CRDI Manual,Manual,"89,083 km",2nd Owner,Diesel,"?3,99,799",,,,,,
2016 Maruti Vitara Brezza,VDI Manual,Manual,"79,417 km",2nd Owner,Diesel,"?5,72,799",,,,,,
2017 Ford Ecosport,1.5 TREND+ TDCI Manual,Manual,"1,13,206 km",1st Owner,Diesel,"?5,42,999",,,,,,
2018 Maruti Alto K10,VXI Manual,Manual,"68,078 km",1st Owner,Petrol,"?3,53,599",,,,,,
2013 Ford Ecosport,1.5 TITANIUMTDCI OPT Manual,Manual,"81,227 km",2nd Owner,Diesel,"?4,15,499",,,,,,
2015 Hyundai Grand i10,SPORTZ 1.1 CRDI Manual,Manual,"73,894 km",1st Owner,Diesel,"?3,82,199",,,,,,
2016 Mahindra Scorpio,S10 Manual,Manual,"87,784 km",2nd Owner,Diesel,"?9,63,499",,,,,,
2017 Ford Ecosport,1.5TITANIUM TDCI Manual,Manual,"71,633 km",1st Owner,Diesel,"?6,49,099",,,,,,
2017 Maruti Vitara Brezza,VDI OPT Manual,Manual,"88,480 km",1st Owner,Diesel,"?6,30,599",,,,,,
2016 Ford Ecosport,1.5 TREND+ TDCI Manual,Manual,"35,215 km",1st Owner,Diesel,"?5,75,699",,,,,,
2015 Maruti Baleno,ZETA DDIS 190 Manual,Manual,"70,755 km",1st Owner,Diesel,"?4,76,199",,,,,,
2013 Ford Ecosport,1.5 TITANIUMTDCI OPT Manual,Manual,"76,208 km",1st Owner,Diesel,"?4,25,899",,,,,,
2016 Maruti Vitara Brezza,VDI OPT Manual,Manual,"62,861 km",1st Owner,Diesel,"?6,35,399",,,,,,
2016 Renault Duster,85 PS RXL Manual,Manual,"70,946 km",1st Owner,Diesel,"?6,50,099",,,,,,
2015 Maruti Swift,VDI ABS Manual,Manual,"92,673 km",1st Owner,Diesel,"?3,76,599",,,,,,
2014 Toyota Etios,CROSS VD Manual,Manual,"83,974 km",2nd Owner,Diesel,"?4,76,099",,,,,,
2015 Maruti S Cross,ALPHA 1.3 Manual,Manual,"75,945 km",1st Owner,Diesel,"?6,04,599",,,,,,
2017 Maruti Vitara Brezza,ZDI PLUS Manual,Manual,"90,969 km",1st Owner,Diesel,"?7,16,599",,,,,,
2014 Ford Ecosport,1.5TITANIUM TDCI Manual,Manual,"51,221 km",2nd Owner,Diesel,"?4,48,399",,,,,,
2017 Ford Ecosport,1.5 TDCI TITANIUM PLUS Manual,Manual,"26,892 km",1st Owner,Diesel,"?7,63,499",,,,,,
2016 Maruti Vitara Brezza,ZDI PLUS Manual,Manual,"72,183 km",1st Owner,Diesel,"?6,39,899",,,,,,
2015 Maruti Swift,VDI ABS Manual,Manual,"69,898 km",1st Owner,Diesel,"?3,99,499",,,,,,
2015 Maruti Swift,VDI ABS Manual,Manual,"83,583 km",1st Owner,Diesel,"?3,98,899",,,,,,
2017 Maruti Vitara Brezza,ZDI Manual,Manual,"82,051 km",1st Owner,Diesel,"?6,20,799",,,,,,
2016 Maruti Vitara Brezza,ZDI Manual,Manual,"54,904 km",1st Owner,Diesel,"?6,49,099",,,,,,
2017 Maruti Swift,VDI ABS Manual,Manual,"52,839 km",1st Owner,Diesel,"?4,94,399",,,,,,
2016 Maruti Vitara Brezza,ZDI PLUS Manual,Manual,"57,707 km",1st Owner,Diesel,"?6,74,199",,,,,,
2017 Maruti Vitara Brezza,ZDI Manual,Manual,"61,982 km",1st Owner,Diesel,"?6,80,799",,,,,,
2018 Maruti S Cross,ALPHA SHVS Manual,Manual,"38,780 km",2nd Owner,Diesel,"?8,22,299",,,,,,
2015 Maruti Swift,VDI ABS Manual,Manual,"86,816 km",1st Owner,Diesel,"?4,01,499",,,,,,
2017 Maruti S Cross,ZETA 1.3 Manual,Manual,"37,521 km",1st Owner,Diesel,"?7,38,199",,,,,,
2015 Maruti Swift,VDI ABS Manual,Manual,"56,999 km",1st Owner,Diesel,"?4,11,099",,,,,,
2015 Maruti Swift,VDI ABS Manual,Manual,"76,491 km",1st Owner,Diesel,"?3,94,599",,,,,,
2016 Maruti Vitara Brezza,VDI OPT Manual,Manual,"98,820 km",1st Owner,Diesel,"?5,68,999",,,,,,
2017 Ford Ecosport,1.5 TITANIUMTDCI OPT Manual,Manual,"72,887 km",1st Owner,Diesel,"?6,94,399",,,,,,
2017 Maruti S Cross,ALPHA SHVS Manual,Manual,"96,787 km",2nd Owner,Diesel,"?7,09,199",,,,,,
2016 Maruti Vitara Brezza,ZDI Manual,Manual,"1,02,367 km",1st Owner,Diesel,"?5,80,399",,,,,,
2017 Maruti S Cross,ALPHA SHVS Manual,Manual,"91,763 km",2nd Owner,Diesel,"?6,95,599",,,,,,
2016 Maruti Vitara Brezza,ZDI PLUS DUAL TONE Manual,Manual,"90,492 km",1st Owner,Diesel,"?6,85,599",,,,,,
2014 Maruti Swift,ZDI Manual,Manual,"73,654 km",1st Owner,Diesel,"?3,85,499",,,,,,
2014 Hyundai i10,ERA 1.1 IRDE Manual,Manual,"29,540 km",2nd Owner,Petrol,"?2,66,199",,,,,,
2018 Mahindra KUV 100 NXT,K2 6 STR Manual,Manual,"19,955 km",1st Owner,Petrol,"?4,08,099",,,,,,
2018 Datsun Redi Go,A Manual,Manual,"22,898 km",2nd Owner,Petrol,"?2,42,999",,,,,,
2020 Maruti Swift,LXI Manual,Manual,"9,371 km",1st Owner,Petrol,"?5,86,699",,,,,,
2021 MG HECTOR PLUS,SHARP HYBRID PETROL Manual,Manual,"3,587 km",1st Owner,Petrol,"?18,19,949",,,,,,
2013 Maruti Wagon R 1.0,VXI Manual,Manual,"87,376 km",1st Owner,Petrol,"?2,69,699",,,,,,
2020 Maruti Swift,LXI Manual,Manual,"17,435 km",1st Owner,Petrol,"?5,92,499",,,,,,
2014 Maruti Alto 800,LXI Manual,Manual,"48,604 km",2nd Owner,Petrol,"?2,37,899",,,,,,
2011 Maruti A Star,VXI Manual,Manual,"23,629 km",2nd Owner,Petrol,"?2,31,699",,,,,,
2014 Hyundai Eon,ERA PLUS Manual,Manual,"29,651 km",1st Owner,Petrol,"?2,57,999",,,,,,
2020 Maruti Baleno,SIGMA 1.2 K12 Manual,Manual,"13,525 km",1st Owner,Petrol,"?6,00,999",,,,,,
2011 Maruti Alto K10,VXI Manual,Manual,"38,042 km",1st Owner,Petrol,"?2,37,899",,,,,,
2009 Hyundai i10,SPORTZ 1.2 AT Automatic,Automatic,"38,983 km",1st Owner,Petrol,"?2,02,099",,,,,,
2010 Maruti Swift,VXI Manual,Manual,"20,730 km",1st Owner,Petrol,"?2,80,999",,,,,,
2019 Renault Kwid,RXL Manual,Manual,867 km,2nd Owner,Petrol,"?3,78,299",,,,,,
2018 Hyundai Elite i20,Magna Executive 1.2 Manual,Manual,"30,023 km",1st Owner,Petrol,"?5,36,399",,,,,,
2021 Maruti Ciaz,1.5 SIGMA SHVS Manual,Manual,"18,855 km",1st Owner,Petrol,"?8,85,699",,,,,,
2013 Maruti Swift Dzire,VXI Manual,Manual,"37,291 km",2nd Owner,Petrol,"?3,67,899",,,,,,
2015 Maruti Celerio,LXI Manual,Manual,"24,668 km",1st Owner,Petrol,"?3,53,899",,,,,,
2019 Maruti Baleno,SIGMA 1.2 K12 Manual,Manual,"25,009 km",2nd Owner,Petrol,"?5,45,299",,,,,,
2017 Mahindra Scorpio,S10 Manual,Manual,"52,999 km",1st Owner,Diesel,"?10,74,399",,,,,,
2013 Maruti Swift Dzire,VXI 1.2 BS IV Manual,Manual,"49,879 km",1st Owner,Petrol,"?3,87,099",,,,,,
2022 Maruti New  Wagon-R,1.0 LXI (O) Manual,Manual,"6,943 km",1st Owner,Petrol,"?5,87,199",,,,,,
2022 Tata PUNCH,ADVENTURE AMT ,,"8,964 km",1st Owner,Petrol,"?7,81,399",,,,,,
2014 Maruti Swift,VXI Manual,Manual,"51,321 km",1st Owner,Petrol,"?4,41,899",,,,,,
2014 Honda City,VX MT PETROL Manual,Manual,"43,748 km",1st Owner,Petrol,"?6,54,299",,,,,,
2016 Hyundai Eon,MAGNA PLUS Manual,Manual,"38,231 km",1st Owner,Petrol,"?3,19,399",,,,,,
2017 Renault Kwid,RXT Manual,Manual,"31,486 km",1st Owner,Petrol,"?3,50,699",,,,,,
2020 Maruti New  Wagon-R,VXI 1.0 Manual,Manual,"20,862 km",1st Owner,Petrol,"?5,40,299",,,,,,
2018 Hyundai Verna,1.6 CRDI SX + AT Automatic,Automatic,"74,743 km",1st Owner,Diesel,"?9,87,399",,,,,,
2014 Ford Ecosport,1.5 TITANIUMTDCI OPT Manual,Manual,"1,56,491 km",1st Owner,Diesel,"?4,08,299",,,,,,
2017 Toyota Corolla Altis,J S Manual,Manual,"1,28,020 km",2nd Owner,Petrol + CNG,"?7,72,499",,,,,,
2019 Honda City,V MT PETROL Manual,Manual,"41,236 km",1st Owner,Petrol,"?8,31,039",,,,,,
2021 Maruti Alto,LXI CNG Manual,Manual,"17,920 km",1st Owner,Petrol + CNG,"?5,07,699",,,,,,
2012 Maruti Swift,ZXI Manual,Manual,"96,633 km",1st Owner,Petrol,"?3,72,999",,,,,,
2016 Mahindra Kuv100,K8 6 STR Manual,Manual,"19,930 km",1st Owner,Petrol,"?4,60,899",,,,,,
2020 Hyundai Creta,S CRDI Manual,Manual,"15,734 km",1st Owner,Diesel,"?14,50,499",,,,,,
2019 Maruti Dzire,VXI Manual,Manual,"41,332 km",1st Owner,Petrol,"?6,34,799",,,,,,
2018 Renault Kwid,RXT Manual,Manual,"25,236 km",1st Owner,Petrol,"?3,42,199",,,,,,
2017 Mahindra Thar,CRDE 4X4 BS IV Manual,Manual,"14,613 km",2nd Owner,Diesel,"?7,10,699",,,,,,
2018 Maruti Swift,VXI Manual,Manual,"21,348 km",1st Owner,Petrol,"?5,60,599",,,,,,
2013 Maruti Swift Dzire,LDI BS IV Manual,Manual,"50,409 km",2nd Owner,Diesel,"?3,03,099",,,,,,
2020 Tata ALTROZ,XE RHYTM ,,"26,584 km",1st Owner,Petrol,"?5,71,699",,,,,,
2020 Hyundai Elite i20,1.2 SPORTS PLUS VTVT Manual,Manual,"28,785 km",1st Owner,Petrol,"?6,98,099",,,,,,
2017 Maruti Wagon R 1.0,LXI CNG Manual,Manual,"85,445 km",1st Owner,Petrol + CNG,"?4,10,499",,,,,,
2014 Maruti Swift Dzire,VXI 1.2 BS IV Manual,Manual,"34,201 km",2nd Owner,Petrol,"?4,17,299",,,,,,
2020 Maruti Swift,ZXI+ Manual,Manual,"14,030 km",1st Owner,Petrol,"?7,62,599",,,,,,
2018 Maruti Wagon R 1.0,VXI Manual,Manual,"19,064 km",1st Owner,Petrol,"?4,18,699",,,,,,
2017 Renault Kwid,1.0 RXL Manual,Manual,"56,833 km",1st Owner,Petrol,"?3,07,199",,,,,,
2021 Hyundai Creta,S CRDI Manual,Manual,"34,068 km",1st Owner,Diesel,"?14,50,499",,,,,,
2018 Honda Amaze,1.2 SAT I VTEC Automatic,Automatic,"21,952 km",1st Owner,Petrol + CNG,"?7,20,399",,,,,,
2017 Tata Tiago,XZA 1.2 REVOTRON Automatic,Automatic,"36,134 km",2nd Owner,Petrol,"?4,17,399",,,,,,
2017 Honda WR-V,1.2 i-VTEC VX MT Manual,Manual,"18,472 km",1st Owner,Petrol,"?7,19,499",,,,,,
2015 Hyundai Grand i10,MAGNA 1.2 VTVT Manual,Manual,"46,249 km",1st Owner,Petrol,"?3,93,599",,,,,,
2014 Hyundai Verna,FLUIDIC 1.6 SX VTVT Manual,Manual,"78,904 km",1st Owner,Petrol,"?5,16,599",,,,,,
2020 Honda City,ZX CVT Automatic,Automatic,"10,277 km",1st Owner,Petrol,"?12,94,399",,,,,,
2017 Tata Tiago,XM 1.2 REVOTRON Manual,Manual,"77,099 km",1st Owner,Petrol + CNG,"?3,78,799",,,,,,
2016 Mahindra Kuv100,K8 5 STR Manual,Manual,"71,807 km",1st Owner,Petrol,"?3,53,499",,,,,,
2014 Hyundai Elite i20,SPORTZ 1.2 Manual,Manual,"74,012 km",1st Owner,Petrol,"?4,48,499",,,,,,
2016 Maruti Ciaz,VXI PLUS Manual,Manual,"83,441 km",1st Owner,Petrol + CNG,"?6,59,199",,,,,,
2017 Maruti Baleno,DELTA 1.2 K12 Manual,Manual,"19,571 km",1st Owner,Petrol,"?5,64,299",,,,,,
2018 Mahindra Scorpio,S7 120 BHP 2WD Manual,Manual,"42,162 km",1st Owner,Diesel,"?10,93,699",,,,,,
2014 Mahindra XUV500,W8 FWD Manual,Manual,"79,472 km",2nd Owner,Diesel,"?5,84,699",,,,,,
2014 Renault Duster,85 PS RXE Manual,Manual,"1,59,515 km",1st Owner,Diesel,"?3,83,499",,,,,,
2018 Maruti Dzire,ZDI Plus AMT Automatic,Automatic,"28,447 km",3rd Owner,Diesel,"?6,80,699",,,,,,
2017 Hyundai Grand i10,Magna 1.2 AT  VTVT Automatic,Automatic,"37,536 km",1st Owner,Petrol,"?5,21,299",,,,,,
2013 Honda Amaze,1.5 EMT I DTEC Manual,Manual,"48,160 km",1st Owner,Diesel,"?2,96,499",,,,,,
2013 Toyota Etios Liva,GD Manual,Manual,"1,19,092 km",1st Owner,Diesel,"?2,97,199",,,,,,
2018 Maruti Swift,VXI Manual,Manual,"56,195 km",1st Owner,Petrol,"?5,29,299",,,,,,
2017 Maruti Ciaz,DELTA 1.3 DDIS SHVS Manual,Manual,"68,559 km",1st Owner,Diesel,"?6,08,499",,,,,,
2013 Mahindra XUV500,W8 FWD Manual,Manual,"72,062 km",1st Owner,Diesel,"?5,51,099",,,,,,
2020 Maruti Alto,LXI CNG (O) Manual,Manual,"39,317 km",1st Owner,Petrol + CNG,"?4,45,799",,,,,,
2013 Maruti Ertiga,VDI ABS Manual,Manual,"1,19,766 km",3rd Owner,Diesel,"?4,19,799",,,,,,
2019 Maruti Alto 800,VXI Manual,Manual,"42,236 km",2nd Owner,Petrol,"?3,15,799",,,,,,
2013 Maruti Ertiga,VDI ABS Manual,Manual,"1,61,137 km",1st Owner,Diesel,"?4,65,899",,,,,,
2018 Maruti Celerio,VXI CNG Manual,Manual,"73,708 km",1st Owner,Petrol + CNG,"?4,95,299",,,,,,
2018 Maruti Alto K10,VXI (O) AMT Automatic,Automatic,"59,822 km",2nd Owner,Petrol,"?3,30,999",,,,,,
2017 Volkswagen Ameo,HIGHLINE PLUS DSG 1.5 Automatic,Automatic,"40,325 km",1st Owner,Diesel,"?6,28,799",,,,,,
2017 Ford Ecosport,1.5 TREND+ TDCI Manual,Manual,"78,972 km",1st Owner,Diesel,"?5,64,599",,,,,,
2017 Hyundai Creta,1.4 E PLUS CRDI Manual,Manual,"95,601 km",1st Owner,Diesel,"?7,71,499",,,,,,
2016 Maruti Swift Dzire,VDI ABS Manual,Manual,"58,807 km",2nd Owner,Diesel,"?4,63,199",,,,,,
2016 Maruti Swift,VDI ABS Manual,Manual,"1,06,627 km",1st Owner,Diesel,"?3,97,899",,,,,,
2015 Hyundai Grand i10,SPORTZ 1.1 CRDI Manual,Manual,"87,019 km",2nd Owner,Diesel,"?3,56,199",,,,,,
2015 Maruti Swift,LDI BS IV Manual,Manual,"46,867 km",1st Owner,Diesel,"?3,90,899",,,,,,
2014 Maruti Swift,LDI BS IV Manual,Manual,"47,617 km",1st Owner,Diesel,"?3,26,699",,,,,,
2015 Maruti Swift,VDI Manual,Manual,"30,528 km",1st Owner,Diesel,"?4,08,499",,,,,,
2013 Toyota Fortuner,3.0 AT 4X2 Automatic,Automatic,"76,155 km",1st Owner,Diesel,"?12,26,199",,,,,,
2015 Maruti Swift,VDI ABS Manual,Manual,"47,493 km",1st Owner,Diesel,"?4,18,499",,,,,,
2014 Ford Ecosport,1.5 TITANIUMTDCI OPT Manual,Manual,"50,178 km",1st Owner,Diesel,"?4,38,599",,,,,,
2016 Maruti Vitara Brezza,ZDI Manual,Manual,"72,730 km",1st Owner,Diesel,"?5,93,599",,,,,,
2013 Maruti Swift,VDI Manual,Manual,"76,978 km",1st Owner,Diesel,"?3,19,699",,,,,,
2013 Ford Ecosport,1.5 AMBIENTE TDCI Manual,Manual,"1,14,858 km",1st Owner,Diesel,"?3,52,699",,,,,,
2014 Toyota Innova,2.5 VX 8 STR BS IV Manual,Manual,"70,100 km",1st Owner,Diesel,"?9,89,999",,,,,,
2020 Maruti Swift,LXI Manual,Manual,"19,919 km",1st Owner,Petrol,"?5,66,799",,,,,,
2012 Hyundai i10,MAGNA 1.2 KAPPA2 Manual,Manual,"51,410 km",1st Owner,Petrol,"?2,48,599",,,,,,
2017 Maruti IGNIS,DELTA 1.2 K12 AMT Automatic,Automatic,"61,116 km",1st Owner,Petrol,"?4,76,999",,,,,,
2018 Honda Amaze,1.2 V CVT I VTEC Automatic,Automatic,"53,849 km",1st Owner,Petrol,"?6,72,199",,,,,,
2018 Maruti Wagon R 1.0,LXI CNG Manual,Manual,"56,254 km",1st Owner,Petrol + CNG,"?4,37,599",,,,,,
2013 Maruti Swift Dzire,VXI Manual,Manual,"25,068 km",1st Owner,Petrol,"?3,98,999",,,,,,
2018 Maruti Baleno,DELTA 1.2 K12 Manual,Manual,"37,697 km",1st Owner,Petrol,"?5,86,799",,,,,,
2017 Maruti Wagon R 1.0,LXI CNG Manual,Manual,"77,117 km",2nd Owner,Petrol + CNG,"?3,69,999",,,,,,
2018 Hyundai Grand i10,SPORTZ 1.2 KAPPA VTVT Manual,Manual,"52,793 km",1st Owner,Petrol,"?4,97,899",,,,,,
2011 Maruti Swift,ZXI Manual,Manual,"67,620 km",1st Owner,Petrol,"?3,32,199",,,,,,
2016 Maruti Celerio,VXI CNG Manual,Manual,"69,575 km",1st Owner,Petrol + CNG,"?3,81,299",,,,,,
2016 Hyundai Creta,1.6 SX PLUS VTVT ANNIVERSARY EDITION Manual,Manual,"51,297 km",2nd Owner,Petrol,"?8,51,799",,,,,,
2015 Maruti Alto 800,LXI Manual,Manual,"95,793 km",1st Owner,Petrol,"?2,32,699",,,,,,
2018 Hyundai Verna,1.6 SX VTVT Manual,Manual,"24,712 km",1st Owner,Petrol,"?9,02,899",,,,,,
2017 Renault Kwid,RXT 1.0 EASY-R  AT Automatic,Automatic,"38,219 km",2nd Owner,Petrol,"?2,66,499",,,,,,
2013 Hyundai i10,SPORTZ 1.2 KAPPA2 Manual,Manual,"43,384 km",1st Owner,Petrol,"?3,20,599",,,,,,
2021 Maruti New  Wagon-R,LXI CNG 1.0 L Manual,Manual,"19,087 km",1st Owner,Petrol + CNG,"?6,08,899",,,,,,
2021 Renault Kiger,RXL EASY R 1.0 L ,,"15,795 km",1st Owner,Petrol,"?7,97,799",,,,,,
2017 Maruti Alto K10,VXI OPT Manual,Manual,"48,136 km",1st Owner,Petrol,"?3,72,999",,,,,,
2015 Hyundai i10,MAGNA 1.1 IRDE2 Manual,Manual,"45,657 km",1st Owner,Petrol,"?3,50,999",,,,,,
2021 Tata TIGOR,XZ 1.2 REVOTRON Manual,Manual,649 km,1st Owner,Petrol,"?7,31,399",,,,,,
2018 Tata Tiago,XE 1.2 REVOTRON Manual,Manual,"16,179 km",1st Owner,Petrol,"?4,49,499",,,,,,
