,Name,Variant,Transmission,km_driven,Owner_Type,Fuel,Price,Age
0,KIA SELTOS,GTX + AT PETROL,Automatic,8241,1st Owner,Petrol,1895199,2
1,Maruti Swift,LXI,Manual,10568,1st Owner,Petrol,592499,2
2,Maruti Swift,LXI,Manual,27659,1st Owner,Petrol,533399,3
3,KIA SELTOS,HTX 1.5 PETROL MT,Manual,32799,1st Owner,Petrol,1383099,2
4,Mercedes Benz,C 200 AVANTGARDE,Automatic,37531,1st Owner,Petrol,2033499,8
6,Hyundai i10,ERA 1.1 IRDE,Manual,37928,1st Owner,Petrol,271699,9
7,Honda City,VX MT PETROL,Manual,61168,2nd Owner,Petrol,658499,8
8,MG ASTOR,SHARP (O) 1.5 CVT IVORY,Automatic,2091,1st Owner,Petrol,1767999,0
9,KIA SELTOS,HTK PLUS 1.5 DIESEL,Manual,25067,1st Owner,Diesel,1307499,3
10,Renault Kwid,1.0 RXT Opt,Manual,368,1st Owner,Petrol,505099,1
11,Hyundai NEW,1.1 ERA EXICUTIVE,Manual,3812,2nd Owner,Petrol,471599,2
13,Maruti Swift,LXI,Manual,5078,1st Owner,Petrol,611299,1
14,Jaguar XF,2.2 DIESEL,Automatic,28909,2nd Owner,Diesel,1549999,9
15,KIA SELTOS,GTX + AT PETROL,Automatic,37357,1st Owner,Petrol,1659099,3
16,Maruti Dzire,LXI,Manual,25788,1st Owner,Petrol,542299,4
17,Honda WR-V,1.2 i-VTEC VX MT,Manual,17511,1st Owner,Petrol,779899,5
18,Tata ALTROZ,XE 1.2,Manual,7472,1st Owner,Petrol,641999,1
19,Maruti Baleno,SIGMA 1.2 K12,Manual,8966,1st Owner,Petrol,603599,2
21,Hyundai i10,MAGNA 1.2 KAPPA2,Manual,72229,1st Owner,Petrol,282899,11
22,Tata ALTROZ,XZ 1.2,Manual,1086,1st Owner,Petrol,861699,0
23,Hyundai i10,MAGNA 1.1 IRDE2,Manual,41439,2nd Owner,Petrol,349399,8
24,Renault Kiger,RXT 1.0 AMT,Automatic,5972,1st Owner,Petrol,830299,1
25,Hyundai i10,ERA 1.1 IRDE,Manual,21723,1st Owner,Petrol,210249,13
26,Maruti Alto,VXI,Manual,28210,1st Owner,Petrol,270299,8
27,Maruti Alto,LXI,Manual,48001,2nd Owner,Petrol,170299,12
29,Hyundai i10,ERA 1.1 IRDE,Manual,44327,1st Owner,Petrol,199699,13
30,Jeep Compass,1.4 SPORT PETROL,Manual,42490,2nd Owner,Petrol,1376149,3
31,Maruti Celerio,VXI,Manual,14065,1st Owner,Petrol,477299,2
32,KIA SELTOS,HTK 1.5 PETROL,Manual,32873,1st Owner,Petrol,1189899,2
33,Hyundai Grand,MAGNA 1.2 VTVT,Manual,6470,1st Owner,Petrol,608399,2
34,MG HECTOR,SHARP HYBRID PETROL,Manual,12185,2nd Owner,Petrol,1848299,2
35,Datsun Redi,T (O),Manual,13021,1st Owner,Petrol,463499,1
36,Nissan Micra,XE DIESEL,Manual,63753,1st Owner,Diesel,275299,8
37,Jeep Compass,1.4  LONGITUDE (O) AT,Automatic,23327,1st Owner,Petrol,2012799,3
38,Jeep Compass,2.0 LIMITED,Manual,46860,1st Owner,Diesel,1941699,3
40,Hyundai Grand,SPORTZ 1.2 KAPPA VTVT,Manual,16157,1st Owner,Petrol,465199,6
41,Hyundai Verna,1.6 CRDI SX + AT,Automatic,33499,1st Owner,Diesel,1149399,4
42,Maruti Swift,ZXI,Manual,13159,1st Owner,Petrol,412099,10
43,Hyundai Elite,SPORTZ 1.2,Manual,25414,1st Owner,Petrol,530099,7
44,Honda City,SV MT PETROL,Manual,58689,1st Owner,Petrol,732399,5
45,Hyundai i10,SPORTZ 1.2 KAPPA2,Manual,54800,1st Owner,Petrol,257999,10
46,Nissan Micra,XV CVT,Automatic,8096,1st Owner,Petrol,476399,6
48,Renault Kwid,1.0 RXT Opt,Manual,10572,2nd Owner,Petrol,452199,2
49,Maruti Celerio,VXI AMT,Automatic,41822,3rd Owner,Petrol,339599,8
51,Hyundai Creta,1.5 SX (O) AT,Automatic,16315,1st Owner,Petrol,1755399,2
54,Maruti Wagon,LXI,Manual,59277,1st Owner,Petrol,342699,8
55,MG HECTOR,SHARP DCT PETROL,Automatic,9378,1st Owner,Petrol,1794899,3
56,Maruti IGNIS,SIGMA 1.2 K12,Manual,15199,1st Owner,Petrol,506599,2
57,KIA SELTOS,HTK PLUS AT 1.5 DIESEL,Automatic,33981,2nd Owner,Diesel,1465299,2
58,Volkswagen Polo,GT TSI 1.2 PETROL AT,Automatic,36483,1st Owner,Petrol,608199,7
59,Maruti Swift,VXI,Manual,35953,1st Owner,Petrol,603299,3
60,Hyundai Verna,FLUIDIC 1.6 SX VTVT OPT AT,Automatic,60368,2nd Owner,Petrol,523299,9
61,Maruti Alto,VXI,Manual,2920,1st Owner,Petrol,408999,4
62,Honda City,V MT PETROL,Manual,83263,1st Owner,Petrol,549799,8
63,Renault Kwid,1.0 RXT Opt,Manual,2863,1st Owner,Petrol,473299,1
64,KIA SELTOS,HTX+ AT 1.5 DIESEL,Automatic,32605,2nd Owner,Diesel,1539699,2
65,Hyundai Elite,MAGNA 1.2,Manual,20452,2nd Owner,Petrol,494199,6
66,Hyundai Grand,SPORTZ 1.2 KAPPA VTVT,Manual,21043,1st Owner,Petrol,540599,3
67,Hyundai i10,MAGNA 1.1 IRDE2,Manual,61943,1st Owner,Petrol,259399,11
68,Maruti Vitara,VXI,Manual,9236,1st Owner,Petrol,879499,1
69,BMW X3,XDRIVE 20D,Automatic,71180,2nd Owner,Diesel,1126499,9
71,Maruti Celerio,ZXI AMT,Automatic,9278,1st Owner,Petrol,607599,1
72,Hyundai i20,ERA 1.4 CRDI,Manual,30354,1st Owner,Diesel,306299,9
73,Honda Jazz,1.2 S AT,Automatic,48225,2nd Owner,Petrol,526999,6
74,Volkswagen Polo,GT TSI 1.2 PETROL AT,Automatic,96751,1st Owner,Petrol,747899,4
75,Hyundai i20,MAGNA O 1.2,Manual,59194,2nd Owner,Petrol,342799,9
76,Honda Jazz,1.2 VX I-VTECH,Manual,28170,1st Owner,Petrol,543799,7
77,Maruti Swift,VXI AMT,Automatic,45067,2nd Owner,Petrol,622999,3
78,Maruti Baleno,DELTA 1.2 K12,Manual,12452,2nd Owner,Petrol,668599,3
80,Honda City,VX MT PETROL,Manual,7632,1st Owner,Petrol,1297699,2
81,Maruti New,ZXI 1.2,Manual,12418,1st Owner,Petrol,608599,2
82,Renault Kwid,1.0 RXT Opt AT,Automatic,35187,1st Owner,Petrol,500799,1
84,Maruti Alto,LXI,Manual,55163,1st Owner,Petrol,188099,12
85,Honda City,SV MT PETROL,Manual,20567,2nd Owner,Petrol,599249,8
86,Maruti Alto,LXI OPT,Manual,2229,1st Owner,Petrol,428399,1
87,Honda City,V MT PETROL,Manual,68366,1st Owner,Petrol,815699,4
88,Hyundai VENUE,S MT 1.2 KAPPA,Manual,15263,1st Owner,Petrol,834099,1
89,Hyundai i10,MAGNA 1.1 IRDE2,Manual,72272,2nd Owner,Petrol,330899,7
90,Datsun Redi,A,Manual,27411,1st Owner,Petrol,328049,3
91,Jeep Compass,2.0 LONGITUDE,Manual,72575,1st Owner,Diesel,1204299,4
92,Honda Amaze,1.2 S (O) MT I VTEC,Manual,58093,2nd Owner,Petrol,506299,4
93,Tata NEXON,XMA 1.2,Automatic,28467,1st Owner,Petrol,787499,3
94,Honda City,V MT PETROL,Manual,4216,1st Owner,Petrol,1096749,2
95,Maruti Baleno,SIGMA 1.2 K12,Manual,36041,1st Owner,Petrol,551299,2
96,Maruti Dzire,VXI,Manual,18949,1st Owner,Petrol,631299,5
97,Maruti Vitara,VDI OPT,Manual,28496,2nd Owner,Diesel,647599,5
98,Honda Amaze,1.5 VXMT I DTEC,Manual,52220,1st Owner,Diesel,692849,4
99,Honda Amaze,1.2 V CVT I VTEC,Automatic,13291,2nd Owner,Petrol,788399,3
100,Maruti New,1.0 Lxi (o) cng,Manual,34542,1st Owner,Petrol + CNG,683199,1
101,Tata Tiago,XZA 1.2 REVOTRON,Automatic,13291,1st Owner,Petrol,534099,3
102,Maruti Celerio,VXI AMT,Automatic,10515,1st Owner,Petrol,574699,2
103,Honda City,S MT PETROL,Manual,52035,1st Owner,Petrol,372999,11
104,Renault Kwid,1.0 RXT Opt,Manual,50466,1st Owner,Petrol,414699,3
105,Honda City,VX MT PETROL,Manual,6873,1st Owner,Petrol,1284799,2
106,Renault Kwid,RXL,Manual,19927,1st Owner,Petrol,354799,4
107,Maruti New,ZXI 1.2,Manual,10777,1st Owner,Petrol,608599,2
108,Maruti Vitara,ZDI PLUS DUAL TONE,Manual,38072,1st Owner,Diesel,788599,5
109,Maruti Wagon,VXI AMT,Automatic,15854,1st Owner,Petrol,510899,4
110,Renault Kwid,1.0 RXL,Manual,42535,1st Owner,Petrol,332399,4
111,Hyundai Grand,SPORTZ 1.2 KAPPA VTVT,Manual,19575,1st Owner,Petrol,485599,6
112,Tata Tiago,XE 1.2 REVOTRON,Manual,14201,1st Owner,Petrol,460599,3
113,Honda City,S MT PETROL,Manual,39565,1st Owner,Petrol,391699,12
114,Renault Kwid,1.0 RXT Opt,Manual,31621,1st Owner,Petrol,420299,3
115,MG HECTOR,SHARP DCT PETROL,Automatic,12283,1st Owner,Petrol,1665399,3
116,Tata Tiago,XTA 1.2 PETROL,Automatic,6990,1st Owner,Petrol,684599,1
117,Maruti Baleno,DELTA 1.2 K12 AT,Automatic,26314,2nd Owner,Petrol,527799,6
118,Mahindra XUV,1.5 W6 MT,Manual,23806,1st Owner,Diesel,917399,3
119,Maruti Alto,LXI,Manual,2303,1st Owner,Petrol,384399,1
120,Maruti Swift,VDI ABS,Manual,46245,1st Owner,Diesel,432499,7
121,Maruti Swift,VXI AMT,Automatic,34110,1st Owner,Petrol,626699,4
122,Renault Kwid,RXL,Manual,55187,2nd Owner,Petrol,321799,4
123,Tata ALTROZ,XZ 1.2,Manual,9734,1st Owner,Petrol,822499,0
124,Hyundai Verna,FLUIDIC 1.6 VTVT SX AT,Automatic,13728,2nd Owner,Petrol,713499,6
125,Tata ALTROZ,XZ 1.2,Manual,10789,1st Owner,Petrol,804899,1
126,Mahindra Thar,LX  4WD AT CONVERTIBLE,Automatic,4222,1st Owner,Petrol,1696099,1
127,Maruti Alto,VXI,Manual,13818,2nd Owner,Petrol,391299,3
128,Maruti Baleno,DELTA 1.2 K12,Manual,24539,1st Owner,Petrol,671599,3
129,Jeep Compass,2.0 LIMITED,Manual,55714,1st Owner,Diesel,1261299,4
130,Renault TRIBER,1.0 RXZ,Manual,1599,1st Owner,Petrol,786899,1
131,Hyundai Grand,SPORTZ (O) 1.2 AT VTVT,Automatic,16636,1st Owner,Petrol,586499,5
132,Ford Figo,1.2 TITANIUM PETROL,Manual,33815,1st Owner,Petrol,568299,4
133,Hyundai Elite,Magna Executive 1.2,Manual,15702,1st Owner,Petrol,581799,4
134,Tata TIGOR,XZ 1.2 REVOTRON OPT,Manual,34014,1st Owner,Petrol,534499,4
135,Renault Kwid,RXL,Manual,35525,2nd Owner,Petrol,350499,3
136,Maruti S,VXI AGS,Automatic,244,1st Owner,Petrol,567399,0
137,Maruti Ciaz,ALPHA 1.5 MT VTVT SHVS,Manual,4708,1st Owner,Petrol,1133599,1
138,Maruti Baleno,DELTA 1.2 K12,Manual,4260,1st Owner,Petrol,725599,2
139,Hyundai Creta,1.6 VTVT SX AUTO,Automatic,26097,2nd Owner,Petrol,1353699,3
140,Hyundai i20,SPORTZ 1.4 CRDI,Manual,65005,1st Owner,Diesel,336499,9
141,Honda WR-V,1.2 i-VTEC VX MT,Manual,51606,2nd Owner,Petrol,715999,5
142,Tata ALTROZ,XZ 1.2,Manual,13937,1st Owner,Petrol,827999,2
143,Honda Amaze,1.2 SAT I VTEC,Automatic,48381,2nd Owner,Petrol,538599,6
144,Toyota YARIS,G CVT,Automatic,44823,1st Owner,Petrol,979299,2
145,Honda Amaze,1.2 VXMT I VTEC,Manual,3031,1st Owner,Petrol,945599,0
146,Maruti Swift,VXI,Manual,11917,1st Owner,Petrol,560599,4
147,Mahindra XUV500,W9 AT,Automatic,20809,1st Owner,Diesel,1883699,1
148,Maruti Baleno,DELTA 1.2 K12,Manual,36411,1st Owner,Petrol,711199,2
149,Renault Kwid,RXL,Manual,5660,1st Owner,Petrol,404099,3
150,Honda City,V MT PETROL,Manual,91673,2nd Owner,Petrol,557699,8
152,Hyundai Elite,ASTA 1.2 (O),Manual,87715,1st Owner,Petrol,674299,4
153,Tata Harrier,XZA  DUAL TONE,Automatic,16826,1st Owner,Diesel,2086999,1
154,Hyundai New,1.6 SX AT O,Automatic,11784,1st Owner,Diesel,1447599,3
155,Maruti Baleno,SIGMA 1.2 K12,Manual,23514,1st Owner,Petrol,523999,5
156,Tata TIGOR,XZ PLUS 1.2 REVOTRON,Manual,7089,1st Owner,Petrol,814799,1
157,Honda City,V MT PETROL,Manual,38050,1st Owner,Petrol,912699,3
158,Maruti Swift,LXI OPT,Manual,37931,2nd Owner,Petrol,421999,7
159,Datsun Redi,T (O),Manual,7323,1st Owner,Petrol,457499,1
160,Honda Jazz,VX 1.2 CVT,Automatic,7460,1st Owner,Petrol,953799,1
161,Hyundai Grand,SPORTZ 1.2 KAPPA VTVT,Manual,46106,1st Owner,Petrol,482799,6
162,Toyota Corolla,G AT,Automatic,75422,1st Owner,Petrol,1389899,5
163,Hyundai Grand,SPORTZ 1.2 KAPPA VTVT,Manual,65162,1st Owner,Petrol + CNG,460699,5
164,Maruti Alto,VXI,Manual,87463,1st Owner,Petrol,218899,10
165,Volkswagen Polo,COMFORTLINE 1.2L PETROL,Manual,86070,1st Owner,Petrol,434999,7
166,Honda Jazz,ZX CVT,Automatic,9871,1st Owner,Petrol,1000099,2
167,Hyundai Grand,SPORTZ 1.2 KAPPA VTVT,Manual,62740,2nd Owner,Petrol,427799,6
168,Hyundai Creta,1.5 SX (O) AT,Automatic,31437,1st Owner,Petrol,1766599,2
169,Hyundai Creta,1.4 S CRDI,Manual,71968,1st Owner,Diesel,957899,3
170,Maruti Baleno,DELTA 1.2 K12,Manual,24767,1st Owner,Petrol,648799,3
171,Hyundai Elite,1.2 SPORTS PLUS VTVT,Manual,30078,1st Owner,Petrol,707299,3
173,Honda Jazz,1.2 S MT,Manual,50506,2nd Owner,Petrol,543799,4
174,Maruti Baleno,DELTA 1.2 K12,Manual,26288,1st Owner,Petrol,655499,3
175,Renault Kwid,RXT,Manual,25910,2nd Owner,Petrol,342799,5
176,Hyundai VENUE,1.0 TURBO GDI SX+ AT,Automatic,57770,1st Owner,Petrol,1039999,3
177,Maruti Vitara,ZXI +,Manual,22317,1st Owner,Petrol,982499,1
178,Maruti Dzire,VXI,Manual,14400,1st Owner,Petrol,741999,1
179,Maruti Wagon,LXI CNG,Manual,64132,1st Owner,Petrol + CNG,325799,8
180,Hyundai Creta,1.6 VTVT SX AUTO,Automatic,29081,1st Owner,Petrol,1407599,2
181,Maruti New,ZXI 1.2,Manual,23797,1st Owner,Petrol,608599,2
182,Maruti Baleno,DELTA 1.2 K12,Manual,26445,1st Owner,Petrol,604899,4
183,MG HECTOR,SHARP 2.0 DIESEL,Manual,50353,1st Owner,Diesel,1518299,3
184,Maruti Celerio,ZXI AMT,Automatic,32649,1st Owner,Petrol,435599,6
185,Hyundai Grand,SPORTZ 1.2 KAPPA VTVT,Manual,37953,2nd Owner,Petrol,521999,3
186,Mahindra Thar,LX D 4*4 MT HT,Manual,6962,1st Owner,Diesel,1702699,1
187,Maruti Celerio,ZXI OPT AMT,Automatic,81353,1st Owner,Petrol,422099,5
188,Tata ALTROZ,XZ 1.2,Manual,37413,1st Owner,Petrol,795399,2
189,MG HECTOR,SUPER DIESEL,Manual,52465,2nd Owner,Diesel,1391599,3
190,Honda Amaze,1.2 V CVT I VTEC,Automatic,23495,1st Owner,Petrol,773999,4
191,Honda City,V MT PETROL,Manual,24280,1st Owner,Petrol,1076199,2
192,Hyundai Creta,S PETROL MT,Manual,7757,1st Owner,Petrol,1328499,2
193,Maruti Baleno,DELTA 1.2 K12,Manual,25647,1st Owner,Petrol,675199,3
194,Maruti Celerio,VXI,Manual,12407,1st Owner,Petrol,466049,4
195,Honda Amaze,1.2 VXMT I VTEC,Manual,1546,1st Owner,Petrol,720399,4
196,Maruti Baleno,ZETA 1.2 K12,Manual,22535,1st Owner,Petrol,574899,6
197,Skoda Rapid,1.0 AMBITION TSI AT,Automatic,16292,2nd Owner,Petrol,1167399,2
198,Maruti Baleno,DELTA 1.2 K12,Manual,16402,1st Owner,Petrol,676399,3
199,Maruti Baleno,DELTA 1.2 K12,Manual,24453,2nd Owner,Petrol,659099,3
200,Volkswagen TIGUAN,HIGHLINE A/T,Automatic,74860,1st Owner,Diesel,2139099,4
201,Maruti Celerio,VXI,Manual,27718,1st Owner,Petrol,470699,3
202,Volkswagen Polo,GT TSI 1.2 PETROL AT,Automatic,53365,1st Owner,Petrol,705499,3
203,Maruti Baleno,DELTA 1.2 K12,Manual,29383,1st Owner,Petrol,660999,3
204,Maruti Alto,VXI (O) AMT,Automatic,13002,2nd Owner,Petrol,407299,4
205,Maruti Alto,LXI CNG,Manual,23812,1st Owner,Petrol + CNG,510799,1
206,Hyundai Verna,SX PETROL MT,Manual,20361,1st Owner,Petrol,1191899,1
207,Maruti Alto,VXI PLUS,Manual,4889,1st Owner,Petrol,435499,1
208,Maruti Baleno,DELTA 1.2 K12,Manual,29525,2nd Owner,Petrol,607999,2
209,Honda WR-V,1.2 i-VTEC S MT,Manual,18136,2nd Owner,Petrol,652199,4
210,Hyundai Creta,1.6 VTVT SX AUTO,Automatic,31594,1st Owner,Petrol,1353699,3
211,Honda Jazz,1.2 ZX MT,Manual,10535,1st Owner,Petrol,893899,2
212,Tata ALTROZ,XZ 1.2,Manual,32106,1st Owner,Petrol,822499,2
213,Honda WR-V,1.2 i-VTEC VX MT,Manual,43575,1st Owner,Petrol,813199,3
214,Maruti New,VXI 1.2L,Manual,10471,2nd Owner,Petrol,558799,2
215,Maruti Ciaz,ALPHA 1.3 DDIS SHVS,Manual,35969,1st Owner,Diesel,903299,3
216,Maruti S,SIGMA 1.5 SHVS,Manual,1189,1st Owner,Petrol,941199,0
217,Tata TIGOR,XZ PLUS 1.2 REVOTRON,Manual,9553,1st Owner,Petrol,814799,1
218,Honda City,V MT PETROL,Manual,29922,1st Owner,Petrol,923399,3
219,Ford Ecosport,1.5 TITANIUM TI VCT,Manual,46901,2nd Owner,Petrol,630199,6
220,Maruti Baleno,DELTA 1.2 K12,Manual,22380,1st Owner,Petrol,643239,3
221,Honda Amaze,1.2 V CVT I VTEC,Automatic,29577,1st Owner,Petrol,794399,3
222,Maruti Swift,ZXI,Manual,63278,1st Owner,Petrol,446999,8
223,Hyundai Elite,1.2 SPORTS PLUS VTVT,Manual,45805,1st Owner,Petrol,702299,3
224,Maruti Alto,VXI,Manual,95218,1st Owner,Petrol,331199,5
225,Renault Kwid,1.0 RXT Opt,Manual,75123,1st Owner,Petrol,342999,4
226,Hyundai i20,SPORTZ 1.4 CRDI,Manual,121564,2nd Owner,Diesel,348599,9
227,Maruti Baleno,ZETA 1.2 K12,Manual,19398,1st Owner,Petrol,728199,3
228,Hyundai NEW,1.1 MAGNA AMT,Automatic,20498,1st Owner,Petrol,527699,3
230,Toyota Etios,G SP,Manual,36330,1st Owner,Petrol,376599,9
231,Hyundai NEW,SPORTZ 1.1,Manual,17336,1st Owner,Petrol,473899,2
232,MG HECTOR,SHARP DCT PETROL,Automatic,35443,1st Owner,Petrol,1726099,3
233,MG HECTOR,SHARP DCT PETROL,Automatic,36621,1st Owner,Petrol,1778399,3
234,Honda WR-V,1.2 i-VTEC VX MT,Manual,84302,1st Owner,Petrol,671699,5
235,Maruti New,1.0 Lxi (o) cng,Manual,16511,1st Owner,Petrol + CNG,684099,1
236,MG HECTOR,SHARP DCT PETROL,Automatic,38903,1st Owner,Petrol,1634199,3
237,Toyota Corolla,GL,Manual,58885,1st Owner,Petrol,1136899,5
238,Maruti Alto,VXI,Manual,5821,1st Owner,Petrol,428299,3
239,Honda City,V MT PETROL,Manual,23860,1st Owner,Petrol,870999,4
240,Maruti Ciaz,VXI PLUS,Manual,14253,1st Owner,Petrol,686399,6
241,Hyundai NEW,ASTA 1.1 MT,Manual,12664,1st Owner,Petrol,558899,3
242,Tata Hexa,Varicor 400 XMA,Automatic,75883,1st Owner,Diesel,1148749,4
243,Hyundai Elite,ASTA 1.2,Manual,25775,2nd Owner,Petrol,602099,5
245,Maruti Baleno,DELTA 1.2 K12,Manual,25227,1st Owner,Petrol,689199,3
246,Maruti Celerio,VXI,Manual,33888,2nd Owner,Petrol,441899,3
247,Maruti IGNIS,DELTA 1.2 K12,Manual,12799,1st Owner,Petrol,642999,1
248,Maruti IGNIS,SIGMA 1.2 K12,Manual,18645,1st Owner,Petrol,466099,4
249,Maruti Baleno,DELTA 1.2 K12,Manual,64181,1st Owner,Petrol,480449,5
250,Maruti Baleno,ZETA 1.2 K12,Manual,30672,1st Owner,Petrol,647999,4
251,Maruti Alto,VXI,Manual,37786,1st Owner,Petrol,346054,3
252,Mahindra Scorpio,S9,Manual,26121,1st Owner,Diesel,1513099,2
253,Hyundai GRAND,SPORTZ PETROL,Manual,16489,1st Owner,Petrol,676399,2
254,Honda WR-V,1.2 i-VTEC S MT,Manual,39333,1st Owner,Petrol,648099,5
255,Tata NEXON,XZ+ 1.5,Manual,6694,1st Owner,Diesel,1261699,1
256,Maruti IGNIS,ALPHA 1.2 K12 AMT,Automatic,25350,1st Owner,Petrol,670699,3
257,Hyundai Eon,MAGNA PLUS,Manual,43616,2nd Owner,Petrol,305699,7
258,Maruti S,VXI PLUS AGS,Automatic,2258,1st Owner,Petrol,528499,2
259,Tata Tiago,XE 1.2 REVOTRON,Manual,33114,1st Owner,Petrol,425099,4
260,MG HECTOR,SHARP DCT PETROL,Automatic,33016,1st Owner,Petrol,1804899,2
261,Hyundai Grand,SPORTZ 1.2 KAPPA VTVT,Manual,19577,1st Owner,Petrol,428299,6
262,Tata Safari,XE 2.0 KRYOTEC,Manual,17534,1st Owner,Diesel,1536799,1
264,Maruti Wagon,LXI,Manual,18671,1st Owner,Petrol,424499,4
265,Hyundai GRAND,SPORTZ 1.2 AT,Automatic,15206,1st Owner,Petrol,725899,3
266,Hyundai Tucson,2WD AT GLS PETROL,Automatic,38848,1st Owner,Petrol,2139499,3
268,Mahindra XUV500,W8 FWD,Manual,84279,2nd Owner,Diesel,969399,5
269,Mahindra Thar,LX D 4*4 MT HT,Manual,10292,1st Owner,Diesel,1673799,1
270,Ford Ecosport,1.5 TITANIUM TI VCT,Manual,53040,1st Owner,Petrol,701099,6
271,Maruti Baleno,DELTA 1.2 K12,Manual,26114,1st Owner,Petrol,525199,6
272,Toyota Glanza,G CVT,Automatic,8225,1st Owner,Petrol,930899,1
273,Maruti Celerio,VXI,Manual,25646,1st Owner,Petrol,432099,5
274,Hyundai Creta,1.6 SX AT CRDI,Automatic,42396,1st Owner,Diesel,1603199,2
275,Maruti Vitara,VXI,Manual,42315,2nd Owner,Petrol,792799,2
276,Tata Hexa,Varicor 400 XM,Manual,43696,1st Owner,Diesel,1505499,3
277,Hyundai Grand,MAGNA 1.2 VTVT,Manual,39304,1st Owner,Petrol,472699,4
278,Hyundai Grand,MAGNA 1.2 KAPPA VTVT,Manual,18003,1st Owner,Petrol,477220,5
279,Honda WR-V,1.2 i-VTEC VX MT,Manual,41604,1st Owner,Petrol,755199,4
280,Honda Amaze,1.2 EMT I VTEC,Manual,49342,1st Owner,Petrol,418099,8
281,Honda Civic,ZX CVT PETROL,Automatic,45604,1st Owner,Petrol,1698999,3
282,Hyundai Xcent,S 1.2,Manual,35557,1st Owner,Petrol,445599,7
283,Maruti Celerio,ZXI AMT,Automatic,40735,1st Owner,Petrol,448699,5
284,Hyundai Grand,SPORTZ 1.2 KAPPA VTVT,Manual,50886,1st Owner,Petrol,398899,8
285,Hyundai Grand,ASTA 1.2 KAPPA VTVT,Manual,80982,2nd Owner,Petrol,460899,6
286,Hyundai Grand,SPORTZ 1.2 KAPPA VTVT,Manual,39642,1st Owner,Petrol,530699,3
287,Maruti Swift,LXI,Manual,53244,1st Owner,Petrol,376899,9
288,Maruti Baleno,DELTA 1.2 K12,Manual,40459,2nd Owner,Petrol,525199,6
289,Hyundai GRAND,SPORTZ 1.2 AT,Automatic,7840,2nd Owner,Petrol,725699,2
290,Maruti Dzire,VXI,Manual,54796,1st Owner,Petrol,598699,5
291,Maruti Baleno,ALPHA 1.2 K12,Manual,23204,1st Owner,Petrol,627149,5
292,Hyundai Creta,1.6 S,Manual,49814,1st Owner,Petrol,857499,7
293,Maruti Baleno,DELTA 1.2 K12,Manual,31923,2nd Owner,Petrol,597199,3
294,Toyota Etios,G,Manual,43321,1st Owner,Petrol,324899,10
296,Maruti Baleno,DELTA 1.2 K12,Manual,21800,1st Owner,Petrol,693699,3
297,Skoda Rapid,STYLE 1.0TSI MT,Manual,9999,1st Owner,Petrol,1194199,1
298,Maruti Alto,LXI,Manual,17800,2nd Owner,Petrol,300099,5
299,Hyundai Grand,SPORTZ 1.2 KAPPA VTVT,Manual,41119,1st Owner,Petrol,458599,6
300,Honda WR-V,1.2 i-VTEC VX MT,Manual,18954,1st Owner,Petrol,758499,5
301,Ford Ecosport,1.5 TREND TI VCT,Manual,28560,1st Owner,Petrol,784799,3
302,Maruti Vitara,ZDI,Manual,23602,1st Owner,Diesel,898599,3
303,Maruti Baleno,DELTA 1.2 K12,Manual,40552,1st Owner,Petrol,525199,6
304,Honda Civic,ZX CVT PETROL,Automatic,19930,1st Owner,Petrol,1860099,3
305,Maruti IGNIS,ZETA 1.2 K12,Manual,21204,1st Owner,Petrol,519499,5
306,Hyundai Elite,Magna Executive Diesel,Manual,57975,1st Owner,Diesel,668899,4
307,Honda Brio,1.2 VX MT I VTEC,Manual,30553,1st Owner,Petrol,469299,5
308,Maruti Baleno,ALPHA 1.2 K12,Manual,65636,1st Owner,Petrol,559999,7
309,Hyundai Grand,MAGNA 1.2 KAPPA VTVT,Manual,43049,1st Owner,Petrol,496699,4
311,Maruti S,VXI PLUS,Manual,4409,1st Owner,Petrol,491899,1
312,MG HECTOR,SHARP DCT PETROL,Automatic,34236,1st Owner,Petrol,1737199,2
313,Hyundai Xcent,S 1.2,Manual,41535,1st Owner,Petrol,449799,7
314,Hyundai NEW,SPORTZ 1.1,Manual,28943,1st Owner,Petrol,495799,3
315,Maruti Baleno,ZETA 1.2 K12,Manual,52677,1st Owner,Petrol,554849,6
316,Ford Ecosport,1.5 TITANIUM TI VCT,Manual,89846,1st Owner,Petrol + CNG,719499,4
317,Renault Kwid,CLIMBER 1.0 AT,Automatic,55432,1st Owner,Petrol,356499,5
318,Audi Q3,2.0 TDI MT S EDITION,Manual,93844,1st Owner,Diesel,1037699,8
319,Maruti Alto,LXI CNG,Manual,30016,1st Owner,Petrol + CNG,495599,1
320,Maruti XL6,ALPHA SHVS  MT,Manual,17952,1st Owner,Petrol,1082499,3
321,Maruti Ciaz,ALPHA 1.5 MT VTVT SHVS,Manual,9758,1st Owner,Petrol,1126649,1
322,Hyundai Elite,Magna Executive 1.2,Manual,44077,2nd Owner,Petrol,546899,4
323,Maruti Wagon,VXI PLUS,Manual,60264,2nd Owner,Petrol,425299,4
324,Honda WR-V,1.2 i-VTEC VX MT,Manual,68354,1st Owner,Petrol,709899,5
325,Hyundai Grand,MAGNA 1.2 KAPPA VTVT,Manual,66329,1st Owner,Petrol,438999,6
326,Hyundai Grand,Sportz(O) 1.2 MT,Manual,63766,1st Owner,Petrol,521399,5
327,Hyundai Grand,SPORTZ 1.2 KAPPA VTVT,Manual,47146,2nd Owner,Petrol,434349,7
328,Maruti Alto,VXI PLUS,Manual,15460,1st Owner,Petrol,424399,1
329,Hyundai i20,SPORTZ 1.2 VTVT,Manual,83811,1st Owner,Petrol,399699,8
330,Hyundai Elite,SPORTZ 1.2,Manual,46473,2nd Owner,Petrol,547799,6
331,Maruti Vitara,ZDI PLUS,Manual,30973,1st Owner,Diesel,959699,3
332,Maruti Baleno,ZETA 1.2 K12 CVT,Automatic,14407,1st Owner,Petrol,942499,1
333,Maruti Alto,LXI,Manual,71314,1st Owner,Petrol,321699,3
334,Mahindra XUV500,W8 FWD AT,Automatic,90501,1st Owner,Diesel,1125299,5
335,Toyota YARIS,J CVT,Automatic,13618,1st Owner,Petrol,905999,3
336,Hyundai Grand,Sportz(O) 1.2 MT,Manual,34652,1st Owner,Petrol,515599,5
337,Maruti Celerio,VXI,Manual,34338,1st Owner,Petrol + CNG,511899,3
338,Maruti Swift,VXI,Manual,31335,2nd Owner,Petrol,378899,8
339,Maruti Baleno,DELTA 1.2 K12,Manual,35245,1st Owner,Petrol,572399,4
340,Maruti Ciaz,VXI PLUS,Manual,99521,1st Owner,Petrol,586799,6
341,Hyundai i20,1.2 S,Manual,70259,1st Owner,Petrol,541299,7
342,Maruti New,ZXI 1.2,Manual,38889,1st Owner,Petrol,506699,3
343,Hyundai Grand,Sportz(O) 1.2 MT,Manual,42016,2nd Owner,Petrol,471299,5
344,Maruti Baleno,DELTA 1.2 K12,Manual,45522,1st Owner,Petrol,662399,3
345,Maruti Alto,VXI,Manual,11145,1st Owner,Petrol,413599,3
346,Audi A3,35TDI PREMIUM,Automatic,91772,2nd Owner,Diesel,1348599,8
347,Honda City,VX CVT PETROL,Automatic,31419,1st Owner,Petrol,1264699,2
348,Honda City,VX MT DIESEL,Manual,49653,1st Owner,Diesel,675099,6
349,Hyundai Grand,ASTA 1.2 (O) VTVT,Manual,49271,3rd Owner,Petrol,452899,5
350,Maruti Vitara,ZDI,Manual,31516,1st Owner,Diesel,883799,3
351,Hyundai Creta,1.6 S,Manual,71587,1st Owner,Petrol,805499,7
352,Maruti Baleno,ZETA 1.2 K12,Manual,59676,1st Owner,Petrol,559099,6
353,Ford Ecosport,1.5 TITANIUM TI VCT AT,Automatic,12333,1st Owner,Petrol,1056849,2
354,Mahindra Thar,CRDE 4X4 BS IV,Manual,19767,1st Owner,Diesel,876399,4
355,Hyundai Elite,ASTA 1.2 (O),Manual,66702,1st Owner,Petrol,607899,6
356,Hyundai GRAND,SPORTZ 1.2 AT,Automatic,32873,1st Owner,Petrol,725799,3
357,Toyota YARIS,G MT,Manual,27388,1st Owner,Petrol,984099,1
358,Ford Ecosport,1.5 TITANIUM TI VCT AT,Automatic,39026,2nd Owner,Petrol,717099,5
359,Maruti Vitara,VDI,Manual,41437,1st Owner,Diesel,796599,3
360,Maruti Vitara,ZDI,Manual,26786,1st Owner,Diesel,655399,6
361,Maruti Baleno,DELTA 1.2 K12,Manual,28920,2nd Owner,Petrol,639799,3
362,Hyundai Elite,MAGNA 1.4 CRDI,Manual,53859,2nd Owner,Diesel,428399,7
363,Audi A3,2.0 TDI  PREMIUM,Automatic,52439,1st Owner,Diesel,1263899,8
364,Maruti Baleno,DELTA 1.2 K12,Manual,50712,1st Owner,Petrol,595899,4
365,Mahindra XUV,W8(O),Manual,68515,2nd Owner,Diesel,897899,3
366,Hyundai Grand,SPORTZ 1.2 KAPPA VTVT,Manual,79292,1st Owner,Petrol,486349,5
367,Hyundai Grand,SPORTZ 1.2 KAPPA VTVT,Manual,68268,1st Owner,Petrol,458799,6
368,Maruti Alto,LXI OPT,Manual,5145,1st Owner,Petrol,407699,1
369,Maruti IGNIS,DELTA 1.2 K12 AMT,Automatic,44161,1st Owner,Petrol,567899,4
370,Ford Ecosport,1.5 TREND TDCI,Manual,33832,2nd Owner,Diesel,420199,9
371,Maruti Vitara,VDI,Manual,49770,2nd Owner,Diesel,723399,4
372,Maruti Baleno,DELTA 1.2 K12,Manual,60820,1st Owner,Petrol,539899,6
373,Maruti Ciaz,DELTA 1.3 DDIS SHVS,Manual,55856,1st Owner,Diesel,635899,5
374,Maruti Baleno,ZETA 1.2 K12,Manual,32387,1st Owner,Petrol,702399,3
375,Maruti Ritz,ZXI,Manual,56793,1st Owner,Petrol,227499,13
376,Toyota YARIS,J MT,Manual,8461,1st Owner,Petrol,1161299,1
377,Maruti Alto,VXI,Manual,26096,1st Owner,Petrol,362199,4
378,Hyundai Creta,1.6 SX CRDI,Manual,40640,1st Owner,Diesel,1028899,4
379,Maruti Ritz,VDI,Manual,60623,1st Owner,Diesel,366399,7
380,Maruti Baleno,ZETA 1.2 K12,Manual,80741,2nd Owner,Petrol,569099,3
381,Hyundai Creta,1.4 E PLUS CRDI,Manual,88168,1st Owner,Diesel,887499,4
382,Maruti Baleno,DELTA 1.2 K12,Manual,65626,1st Owner,Petrol,612699,3
383,Maruti Swift,VXI AMT,Automatic,36424,1st Owner,Petrol,686099,3
384,Hyundai Elite,MAGNA 1.2,Manual,91525,1st Owner,Petrol,507699,6
385,Audi A3,35TDI PREMIUM,Automatic,34148,2nd Owner,Diesel,1317299,8
386,Maruti Alto,VXI,Manual,14443,1st Owner,Petrol,387699,2
387,Hyundai Elite,SPORTZ 1.4,Manual,94365,3rd Owner,Diesel,396799,7
388,Maruti Vitara,ZDI,Manual,41077,1st Owner,Diesel,866099,3
389,Mahindra Scorpio,S5,Manual,56538,1st Owner,Diesel,1046899,4
390,Maruti Baleno,ZETA 1.2 K12,Manual,45448,1st Owner,Petrol,529399,5
391,Maruti Alto,LXI,Manual,35617,1st Owner,Petrol,307099,4
392,Maruti Baleno,ALPHA 1.2 K12,Manual,37949,1st Owner,Petrol,684199,4
393,Maruti Ritz,LXI,Manual,78068,2nd Owner,Petrol,233899,11
394,Maruti Alto,VXI,Manual,42317,1st Owner,Petrol,378599,4
395,Maruti Vitara,VDI,Manual,24670,2nd Owner,Diesel,778999,3
396,Maruti Baleno,DELTA 1.2 K12 AT,Automatic,33503,1st Owner,Petrol,773949,2
398,Maruti Alto,VXI,Manual,37480,1st Owner,Petrol,378699,2
399,Maruti Baleno,DELTA 1.2 K12,Manual,49092,1st Owner,Petrol,525199,6
400,Maruti Baleno,ALPHA 1.2 K12,Manual,44978,1st Owner,Petrol,616999,5
401,Hyundai Creta,1.4 E PLUS CRDI,Manual,68765,1st Owner,Diesel,801199,5
402,Maruti Vitara,VDI,Manual,28057,1st Owner,Diesel,720899,4
403,Hyundai Creta,1.6 CRDI SX PLUS AUTO,Automatic,79950,2nd Owner,Diesel,1000999,4
404,Ford Ecosport,1.5 TITANIUM TI VCT AT,Automatic,18977,1st Owner,Petrol,784199,5
405,Maruti Ciaz,ZDI+ SHVS,Manual,57281,2nd Owner,Diesel,643799,5
406,Ford Ecosport,1.5TITANIUM TDCI,Manual,33438,1st Owner,Diesel,815399,4
407,Audi Q3,35 TDI Quattro,Automatic,52533,1st Owner,Diesel,1486499,7
408,Hyundai Verna,FLUIDIC 1.6 SX CRDI,Manual,33450,1st Owner,Diesel,450499,9
409,Maruti Alto,VXI,Manual,38225,1st Owner,Petrol,358799,3
410,Maruti S,VXI PLUS,Manual,14860,1st Owner,Petrol,455999,2
411,Maruti S,VXI PLUS,Manual,14050,1st Owner,Petrol,472199,1
412,Maruti Alto,LXI CNG,Manual,21829,1st Owner,Petrol + CNG,520399,1
413,Maruti Vitara,ZDI PLUS,Manual,36809,1st Owner,Diesel,665199,6
414,Mahindra Scorpio,S10,Manual,43901,1st Owner,Diesel,1132999,6
415,Maruti Baleno,ZETA 1.2 K12,Manual,61060,1st Owner,Petrol,535499,6
416,Maruti XL6,ALPHA SHVS  MT,Manual,38885,1st Owner,Petrol,978599,3
417,Maruti S,VXI PLUS,Manual,19193,1st Owner,Petrol,426699,2
418,Mahindra Scorpio,S10,Manual,43954,1st Owner,Diesel,1004399,7
419,Maruti Baleno,ZETA 1.2 K12,Manual,57436,1st Owner,Petrol,560499,5
420,Maruti Baleno,DELTA 1.2 K12,Manual,42903,1st Owner,Petrol,529099,5
421,Ford Ecosport,1.5 TDCI TITANIUM PLUS,Manual,42349,1st Owner,Diesel,648999,5
422,Audi Q3,35TDI PREMIUM,Automatic,87052,1st Owner,Diesel,1796299,6
423,Ford Ecosport,1.5TITANIUM TDCI,Manual,16751,1st Owner,Diesel,1077799,1
424,Maruti Alto,VXI,Manual,18261,1st Owner,Petrol,395899,2
425,Audi A6,2.0 TDI TECHNOLOGY,Automatic,77281,2nd Owner,Diesel,1949999,7
426,Maruti Alto,VXI,Manual,28287,2nd Owner,Petrol,375799,4
427,Maruti IGNIS,DELTA 1.2 K12,Manual,34241,1st Owner,Petrol,502399,4
428,Skoda Octavia,2.0 TDI STYLE PLUS AT,Automatic,95993,1st Owner,Diesel,1135999,6
429,Maruti Vitara,VDI,Manual,44339,1st Owner,Diesel,725799,4
430,Maruti Baleno,ALPHA DDIS 190,Manual,51429,2nd Owner,Diesel,593999,5
431,Hyundai Creta,1.4 E PLUS CRDI,Manual,42720,1st Owner,Diesel,872799,5
432,Maruti S,VXI PLUS,Manual,30537,2nd Owner,Petrol,390399,3
433,Maruti Baleno,ZETA 1.2 K12 AMT,Automatic,72196,1st Owner,Petrol,626899,5
434,Maruti Swift,VDI ABS,Manual,79736,2nd Owner,Diesel,501899,6
435,Maruti Ciaz,ZDI,Manual,62245,2nd Owner,Diesel,531399,7
436,Hyundai Creta,1.4 E PLUS CRDI,Manual,78220,1st Owner,Diesel,765299,5
437,Hyundai Elite,SPORTZ 1.4,Manual,45778,1st Owner,Diesel,451999,7
438,Ford Ecosport,1.5 TREND TDCI,Manual,38666,1st Owner,Diesel,426399,8
439,Maruti Baleno,ZETA 1.2 K12 AMT,Automatic,90618,1st Owner,Petrol,577299,5
440,Honda City,E MT DIESEL,Manual,137622,2nd Owner,Diesel,396099,8
441,Audi Q3,2.0 TDI MT S EDITION,Manual,68368,1st Owner,Diesel,1089449,8
442,BMW X1,SDRIVE 20D,Automatic,31705,2nd Owner,Diesel,1619599,6
443,Maruti Vitara,VDI,Manual,42161,1st Owner,Diesel,641399,6
444,Maruti S,ALPHA SHVS,Manual,56102,1st Owner,Diesel,875299,4
445,Ford Ecosport,1.5TITANIUM TDCI,Manual,65143,1st Owner,Diesel,817799,4
446,Maruti Vitara,VDI,Manual,27835,1st Owner,Diesel,697799,6
447,Maruti Ciaz,VDI+ SHVS,Manual,121686,2nd Owner,Diesel,458799,7
448,Maruti Vitara,VDI OPT,Manual,51167,2nd Owner,Diesel,637899,5
449,Maruti S,VXI,Manual,45659,1st Owner,Petrol,453349,2
450,Ford Ecosport,1.5 TDCI TITANIUM PLUS,Manual,59508,1st Owner,Diesel,822599,4
451,Maruti Vitara,VDI,Manual,47851,1st Owner,Diesel,682199,5
452,Maruti Alto,VXI,Manual,42796,1st Owner,Petrol,403399,2
453,Maruti Baleno,ZETA 1.2 K12 AMT,Automatic,79004,1st Owner,Petrol,607499,5
454,Maruti Ciaz,VDI (O) SHVS HYBIRD,Manual,122884,1st Owner,Diesel,449699,7
455,Maruti Alto,LXI CNG,Manual,26773,1st Owner,Petrol + CNG,498899,1
456,Maruti Swift,VDI BS IV,Manual,76009,1st Owner,Diesel,491799,7
457,Maruti Swift,VDI ABS,Manual,47283,1st Owner,Diesel,534899,5
458,Audi Q3,30 TDI MT S EDITION,Manual,71795,1st Owner,Diesel,1275399,7
459,Honda WR-V,1.5 i-DTEC VX MT,Manual,77611,1st Owner,Diesel,726999,5
460,Maruti IGNIS,DELTA 1.2 K12,Manual,34076,1st Owner,Petrol,530199,3
461,Toyota Corolla,D 4D G,Manual,127926,1st Owner,Diesel,643399,8
462,Hyundai i20,SPORTZ 1.4 CRDI,Manual,72852,1st Owner,Diesel,334499,8
463,Maruti Ertiga,VDI ABS,Manual,49425,1st Owner,Diesel,528899,9
464,Maruti S,VXI,Manual,20681,1st Owner,Petrol,442099,2
465,Audi Q3,2.0 TDI QUATTRO,Automatic,89740,1st Owner,Diesel,1082799,9
466,Maruti Vitara,ZDI,Manual,44427,1st Owner,Diesel,631599,6
467,Maruti Ritz,VDI,Manual,80192,1st Owner,Diesel,352799,8
468,Maruti IGNIS,ALPHA 1.3 DDIS,Manual,79796,2nd Owner,Diesel,519349,5
469,Renault Duster,RXS 85 PS,Manual,90520,1st Owner,Diesel,692999,4
470,Hyundai Grand,ASTA 1.1 CRDI,Manual,90449,1st Owner,Diesel,371599,7
471,Renault Duster,85 PS RXL OPT,Manual,84717,1st Owner,Diesel,383799,8
472,Maruti Baleno,ZETA 1.2 K12 AMT,Automatic,63892,2nd Owner,Petrol,591899,5
473,Ford Ecosport,1.5TITANIUM TDCI,Manual,51765,2nd Owner,Diesel,784549,3
474,Maruti Ciaz,VDI+ SHVS,Manual,88616,1st Owner,Diesel,534599,6
475,Hyundai Creta,1.4 S PLUS,Manual,51763,1st Owner,Diesel,725499,7
476,Maruti Alto,VXI,Manual,45891,2nd Owner,Petrol,372099,5
477,Maruti Ciaz,VDI+ SHVS,Manual,83350,1st Owner,Diesel,639999,5
478,Hyundai Tucson,2WD AT GL DIESEL,Automatic,88655,1st Owner,Diesel,1381299,5
479,Maruti Swift,ZDI,Manual,51088,2nd Owner,Diesel,548499,5
480,Mahindra Scorpio,S10,Manual,74939,1st Owner,Diesel,1125199,6
481,Maruti Alto,VXI,Manual,56783,1st Owner,Petrol,376399,5
482,Maruti Vitara,VDI OPT,Manual,67116,2nd Owner,Diesel,618799,5
483,Maruti S,ALPHA 1.3,Manual,46980,1st Owner,Diesel,601899,7
484,Mercedes Benz,E 220 CDI ELEGANCE,Automatic,53524,1st Owner,Diesel,1200899,9
485,Audi Q5,30 TDI PREMIUM PLUS,Automatic,33109,1st Owner,Diesel,1793399,8
486,Maruti Alto,VXI,Manual,31642,1st Owner,Petrol,378849,1
487,Maruti Vitara,VDI OPT,Manual,74082,1st Owner,Diesel,646099,5
488,Ford Ecosport,1.5TITANIUM TDCI,Manual,55513,1st Owner,Diesel,753399,4
489,Maruti Baleno,DELTA DDIS 190,Manual,69270,1st Owner,Diesel,555999,6
490,Maruti Vitara,VDI OPT,Manual,148572,1st Owner,Diesel,636399,5
491,Renault Duster,RXZ AMT 110 PS,Automatic,89143,2nd Owner,Diesel,724399,5
492,Ford Ecosport,1.5TITANIUM TDCI,Manual,74204,1st Owner,Diesel,777299,4
493,BMW 5,520D LUXURY LINE,Automatic,83330,2nd Owner,Diesel,1371599,9
494,Maruti Vitara,ZDI,Manual,81842,1st Owner,Diesel,705399,5
495,Hyundai Creta,1.6 SX CRDI,Manual,85776,1st Owner,Diesel,756599,6
496,Ford Ecosport,1.5TITANIUM TDCI,Manual,42949,1st Owner,Diesel,817199,3
497,Honda City,SV MT DIESEL,Manual,86449,1st Owner,Diesel,454099,8
498,Maruti Vitara,ZDI PLUS DUAL TONE,Manual,69262,2nd Owner,Diesel,649099,5
499,Hyundai Elite,SPORTZ (O) 1.4,Manual,73924,1st Owner,Diesel,421099,8
500,Maruti Vitara,ZDI PLUS,Manual,75754,2nd Owner,Diesel,664799,5
501,Hyundai i20,ASTA 1.4 CRDI,Manual,89083,2nd Owner,Diesel,399799,8
502,Maruti Vitara,VDI,Manual,79417,2nd Owner,Diesel,572799,6
503,Ford Ecosport,1.5 TREND+ TDCI,Manual,113206,1st Owner,Diesel,542999,5
504,Maruti Alto,VXI,Manual,68078,1st Owner,Petrol,353599,4
505,Ford Ecosport,1.5 TITANIUMTDCI OPT,Manual,81227,2nd Owner,Diesel,415499,9
506,Hyundai Grand,SPORTZ 1.1 CRDI,Manual,73894,1st Owner,Diesel,382199,7
507,Mahindra Scorpio,S10,Manual,87784,2nd Owner,Diesel,963499,6
508,Ford Ecosport,1.5TITANIUM TDCI,Manual,71633,1st Owner,Diesel,649099,5
509,Maruti Vitara,VDI OPT,Manual,88480,1st Owner,Diesel,630599,5
510,Ford Ecosport,1.5 TREND+ TDCI,Manual,35215,1st Owner,Diesel,575699,6
511,Maruti Baleno,ZETA DDIS 190,Manual,70755,1st Owner,Diesel,476199,7
512,Ford Ecosport,1.5 TITANIUMTDCI OPT,Manual,76208,1st Owner,Diesel,425899,9
513,Maruti Vitara,VDI OPT,Manual,62861,1st Owner,Diesel,635399,6
514,Renault Duster,85 PS RXL,Manual,70946,1st Owner,Diesel,650099,6
515,Maruti Swift,VDI ABS,Manual,92673,1st Owner,Diesel,376599,7
516,Toyota Etios,CROSS VD,Manual,83974,2nd Owner,Diesel,476099,8
517,Maruti S,ALPHA 1.3,Manual,75945,1st Owner,Diesel,604599,7
518,Maruti Vitara,ZDI PLUS,Manual,90969,1st Owner,Diesel,716599,5
519,Ford Ecosport,1.5TITANIUM TDCI,Manual,51221,2nd Owner,Diesel,448399,8
520,Ford Ecosport,1.5 TDCI TITANIUM PLUS,Manual,26892,1st Owner,Diesel,763499,5
521,Maruti Vitara,ZDI PLUS,Manual,72183,1st Owner,Diesel,639899,6
522,Maruti Swift,VDI ABS,Manual,69898,1st Owner,Diesel,399499,7
523,Maruti Swift,VDI ABS,Manual,83583,1st Owner,Diesel,398899,7
524,Maruti Vitara,ZDI,Manual,82051,1st Owner,Diesel,620799,5
525,Maruti Vitara,ZDI,Manual,54904,1st Owner,Diesel,649099,6
526,Maruti Swift,VDI ABS,Manual,52839,1st Owner,Diesel,494399,5
527,Maruti Vitara,ZDI PLUS,Manual,57707,1st Owner,Diesel,674199,6
528,Maruti Vitara,ZDI,Manual,61982,1st Owner,Diesel,680799,5
529,Maruti S,ALPHA SHVS,Manual,38780,2nd Owner,Diesel,822299,4
530,Maruti Swift,VDI ABS,Manual,86816,1st Owner,Diesel,401499,7
531,Maruti S,ZETA 1.3,Manual,37521,1st Owner,Diesel,738199,5
532,Maruti Swift,VDI ABS,Manual,56999,1st Owner,Diesel,411099,7
533,Maruti Swift,VDI ABS,Manual,76491,1st Owner,Diesel,394599,7
534,Maruti Vitara,VDI OPT,Manual,98820,1st Owner,Diesel,568999,6
535,Ford Ecosport,1.5 TITANIUMTDCI OPT,Manual,72887,1st Owner,Diesel,694399,5
536,Maruti S,ALPHA SHVS,Manual,96787,2nd Owner,Diesel,709199,5
537,Maruti Vitara,ZDI,Manual,102367,1st Owner,Diesel,580399,6
538,Maruti S,ALPHA SHVS,Manual,91763,2nd Owner,Diesel,695599,5
539,Maruti Vitara,ZDI PLUS DUAL TONE,Manual,90492,1st Owner,Diesel,685599,6
540,Maruti Swift,ZDI,Manual,73654,1st Owner,Diesel,385499,8
541,Hyundai i10,ERA 1.1 IRDE,Manual,29540,2nd Owner,Petrol,266199,8
542,Mahindra KUV,K2 6 STR,Manual,19955,1st Owner,Petrol,408099,4
543,Datsun Redi,A,Manual,22898,2nd Owner,Petrol,242999,4
544,Maruti Swift,LXI,Manual,9371,1st Owner,Petrol,586699,2
545,MG HECTOR,SHARP HYBRID PETROL,Manual,3587,1st Owner,Petrol,1819949,1
546,Maruti Wagon,VXI,Manual,87376,1st Owner,Petrol,269699,9
547,Maruti Swift,LXI,Manual,17435,1st Owner,Petrol,592499,2
548,Maruti Alto,LXI,Manual,48604,2nd Owner,Petrol,237899,8
549,Maruti A,VXI,Manual,23629,2nd Owner,Petrol,231699,11
550,Hyundai Eon,ERA PLUS,Manual,29651,1st Owner,Petrol,257999,8
551,Maruti Baleno,SIGMA 1.2 K12,Manual,13525,1st Owner,Petrol,600999,2
552,Maruti Alto,VXI,Manual,38042,1st Owner,Petrol,237899,11
553,Hyundai i10,SPORTZ 1.2 AT,Automatic,38983,1st Owner,Petrol,202099,13
554,Maruti Swift,VXI,Manual,20730,1st Owner,Petrol,280999,12
555,Renault Kwid,RXL,Manual,867,2nd Owner,Petrol,378299,3
556,Hyundai Elite,Magna Executive 1.2,Manual,30023,1st Owner,Petrol,536399,4
557,Maruti Ciaz,1.5 SIGMA SHVS,Manual,18855,1st Owner,Petrol,885699,1
558,Maruti Swift,VXI,Manual,37291,2nd Owner,Petrol,367899,9
559,Maruti Celerio,LXI,Manual,24668,1st Owner,Petrol,353899,7
560,Maruti Baleno,SIGMA 1.2 K12,Manual,25009,2nd Owner,Petrol,545299,3
561,Mahindra Scorpio,S10,Manual,52999,1st Owner,Diesel,1074399,5
562,Maruti Swift,VXI 1.2 BS IV,Manual,49879,1st Owner,Petrol,387099,9
563,Maruti New,1.0 LXI (O),Manual,6943,1st Owner,Petrol,587199,0
565,Maruti Swift,VXI,Manual,51321,1st Owner,Petrol,441899,8
566,Honda City,VX MT PETROL,Manual,43748,1st Owner,Petrol,654299,8
567,Hyundai Eon,MAGNA PLUS,Manual,38231,1st Owner,Petrol,319399,6
568,Renault Kwid,RXT,Manual,31486,1st Owner,Petrol,350699,5
569,Maruti New,VXI 1.0,Manual,20862,1st Owner,Petrol,540299,2
570,Hyundai Verna,1.6 CRDI SX + AT,Automatic,74743,1st Owner,Diesel,987399,4
571,Ford Ecosport,1.5 TITANIUMTDCI OPT,Manual,156491,1st Owner,Diesel,408299,8
572,Toyota Corolla,J S,Manual,128020,2nd Owner,Petrol + CNG,772499,5
573,Honda City,V MT PETROL,Manual,41236,1st Owner,Petrol,831039,3
574,Maruti Alto,LXI CNG,Manual,17920,1st Owner,Petrol + CNG,507699,1
575,Maruti Swift,ZXI,Manual,96633,1st Owner,Petrol,372999,10
576,Mahindra Kuv100,K8 6 STR,Manual,19930,1st Owner,Petrol,460899,6
577,Hyundai Creta,S CRDI,Manual,15734,1st Owner,Diesel,1450499,2
578,Maruti Dzire,VXI,Manual,41332,1st Owner,Petrol,634799,3
579,Renault Kwid,RXT,Manual,25236,1st Owner,Petrol,342199,4
580,Mahindra Thar,CRDE 4X4 BS IV,Manual,14613,2nd Owner,Diesel,710699,5
581,Maruti Swift,VXI,Manual,21348,1st Owner,Petrol,560599,4
582,Maruti Swift,LDI BS IV,Manual,50409,2nd Owner,Diesel,303099,9
584,Hyundai Elite,1.2 SPORTS PLUS VTVT,Manual,28785,1st Owner,Petrol,698099,2
585,Maruti Wagon,LXI CNG,Manual,85445,1st Owner,Petrol + CNG,410499,5
586,Maruti Swift,VXI 1.2 BS IV,Manual,34201,2nd Owner,Petrol,417299,8
587,Maruti Swift,ZXI+,Manual,14030,1st Owner,Petrol,762599,2
588,Maruti Wagon,VXI,Manual,19064,1st Owner,Petrol,418699,4
589,Renault Kwid,1.0 RXL,Manual,56833,1st Owner,Petrol,307199,5
590,Hyundai Creta,S CRDI,Manual,34068,1st Owner,Diesel,1450499,1
591,Honda Amaze,1.2 SAT I VTEC,Automatic,21952,1st Owner,Petrol + CNG,720399,4
592,Tata Tiago,XZA 1.2 REVOTRON,Automatic,36134,2nd Owner,Petrol,417399,5
593,Honda WR-V,1.2 i-VTEC VX MT,Manual,18472,1st Owner,Petrol,719499,5
594,Hyundai Grand,MAGNA 1.2 VTVT,Manual,46249,1st Owner,Petrol,393599,7
595,Hyundai Verna,FLUIDIC 1.6 SX VTVT,Manual,78904,1st Owner,Petrol,516599,8
596,Honda City,ZX CVT,Automatic,10277,1st Owner,Petrol,1294399,2
597,Tata Tiago,XM 1.2 REVOTRON,Manual,77099,1st Owner,Petrol + CNG,378799,5
598,Mahindra Kuv100,K8 5 STR,Manual,71807,1st Owner,Petrol,353499,6
599,Hyundai Elite,SPORTZ 1.2,Manual,74012,1st Owner,Petrol,448499,8
600,Maruti Ciaz,VXI PLUS,Manual,83441,1st Owner,Petrol + CNG,659199,6
601,Maruti Baleno,DELTA 1.2 K12,Manual,19571,1st Owner,Petrol,564299,5
602,Mahindra Scorpio,S7 120 BHP 2WD,Manual,42162,1st Owner,Diesel,1093699,4
603,Mahindra XUV500,W8 FWD,Manual,79472,2nd Owner,Diesel,584699,8
604,Renault Duster,85 PS RXE,Manual,159515,1st Owner,Diesel,383499,8
605,Maruti Dzire,ZDI Plus AMT,Automatic,28447,3rd Owner,Diesel,680699,4
606,Hyundai Grand,Magna 1.2 AT  VTVT,Automatic,37536,1st Owner,Petrol,521299,5
607,Honda Amaze,1.5 EMT I DTEC,Manual,48160,1st Owner,Diesel,296499,9
608,Toyota Etios,GD,Manual,119092,1st Owner,Diesel,297199,9
609,Maruti Swift,VXI,Manual,56195,1st Owner,Petrol,529299,4
610,Maruti Ciaz,DELTA 1.3 DDIS SHVS,Manual,68559,1st Owner,Diesel,608499,5
611,Mahindra XUV500,W8 FWD,Manual,72062,1st Owner,Diesel,551099,9
612,Maruti Alto,LXI CNG (O),Manual,39317,1st Owner,Petrol + CNG,445799,2
613,Maruti Ertiga,VDI ABS,Manual,119766,3rd Owner,Diesel,419799,9
614,Maruti Alto,VXI,Manual,42236,2nd Owner,Petrol,315799,3
615,Maruti Ertiga,VDI ABS,Manual,161137,1st Owner,Diesel,465899,9
616,Maruti Celerio,VXI CNG,Manual,73708,1st Owner,Petrol + CNG,495299,4
617,Maruti Alto,VXI (O) AMT,Automatic,59822,2nd Owner,Petrol,330999,4
618,Volkswagen Ameo,HIGHLINE PLUS DSG 1.5,Automatic,40325,1st Owner,Diesel,628799,5
619,Ford Ecosport,1.5 TREND+ TDCI,Manual,78972,1st Owner,Diesel,564599,5
620,Hyundai Creta,1.4 E PLUS CRDI,Manual,95601,1st Owner,Diesel,771499,5
621,Maruti Swift,VDI ABS,Manual,58807,2nd Owner,Diesel,463199,6
622,Maruti Swift,VDI ABS,Manual,106627,1st Owner,Diesel,397899,6
623,Hyundai Grand,SPORTZ 1.1 CRDI,Manual,87019,2nd Owner,Diesel,356199,7
624,Maruti Swift,LDI BS IV,Manual,46867,1st Owner,Diesel,390899,7
625,Maruti Swift,LDI BS IV,Manual,47617,1st Owner,Diesel,326699,8
626,Maruti Swift,VDI,Manual,30528,1st Owner,Diesel,408499,7
627,Toyota Fortuner,3.0 AT 4X2,Automatic,76155,1st Owner,Diesel,1226199,9
628,Maruti Swift,VDI ABS,Manual,47493,1st Owner,Diesel,418499,7
629,Ford Ecosport,1.5 TITANIUMTDCI OPT,Manual,50178,1st Owner,Diesel,438599,8
630,Maruti Vitara,ZDI,Manual,72730,1st Owner,Diesel,593599,6
631,Maruti Swift,VDI,Manual,76978,1st Owner,Diesel,319699,9
632,Ford Ecosport,1.5 AMBIENTE TDCI,Manual,114858,1st Owner,Diesel,352699,9
633,Toyota Innova,2.5 VX 8 STR BS IV,Manual,70100,1st Owner,Diesel,989999,8
634,Maruti Swift,LXI,Manual,19919,1st Owner,Petrol,566799,2
635,Hyundai i10,MAGNA 1.2 KAPPA2,Manual,51410,1st Owner,Petrol,248599,10
636,Maruti IGNIS,DELTA 1.2 K12 AMT,Automatic,61116,1st Owner,Petrol,476999,5
637,Honda Amaze,1.2 V CVT I VTEC,Automatic,53849,1st Owner,Petrol,672199,4
638,Maruti Wagon,LXI CNG,Manual,56254,1st Owner,Petrol + CNG,437599,4
639,Maruti Swift,VXI,Manual,25068,1st Owner,Petrol,398999,9
640,Maruti Baleno,DELTA 1.2 K12,Manual,37697,1st Owner,Petrol,586799,4
641,Maruti Wagon,LXI CNG,Manual,77117,2nd Owner,Petrol + CNG,369999,5
642,Hyundai Grand,SPORTZ 1.2 KAPPA VTVT,Manual,52793,1st Owner,Petrol,497899,4
643,Maruti Swift,ZXI,Manual,67620,1st Owner,Petrol,332199,11
644,Maruti Celerio,VXI CNG,Manual,69575,1st Owner,Petrol + CNG,381299,6
645,Hyundai Creta,1.6 SX PLUS VTVT ANNIVERSARY EDITION,Manual,51297,2nd Owner,Petrol,851799,6
646,Maruti Alto,LXI,Manual,95793,1st Owner,Petrol,232699,7
647,Hyundai Verna,1.6 SX VTVT,Manual,24712,1st Owner,Petrol,902899,4
648,Renault Kwid,RXT 1.0 EASY-R  AT,Automatic,38219,2nd Owner,Petrol,266499,5
649,Hyundai i10,SPORTZ 1.2 KAPPA2,Manual,43384,1st Owner,Petrol,320599,9
650,Maruti New,LXI CNG 1.0 L,Manual,19087,1st Owner,Petrol + CNG,608899,1
652,Maruti Alto,VXI OPT,Manual,48136,1st Owner,Petrol,372999,5
653,Hyundai i10,MAGNA 1.1 IRDE2,Manual,45657,1st Owner,Petrol,350999,7
654,Tata TIGOR,XZ 1.2 REVOTRON,Manual,649,1st Owner,Petrol,731399,1
655,Tata Tiago,XE 1.2 REVOTRON,Manual,16179,1st Owner,Petrol,449499,4
